Test	Run npm run test:browser	﻿2026-09-08T00:20:10.6698814Z ##[group]Run npm run test:browser
Test	Run npm run test:browser	2026-09-08T00:20:10.6699008Z ^[[36;1mnpm run test:browser^[[0m
Test	Run npm run test:browser	2026-09-08T00:20:10.6728952Z shell: /usr/bin/bash -e {0}
Test	Run npm run test:browser	2026-09-08T00:20:10.6729096Z ##[endgroup]
Test	Run npm run test:browser	2026-09-08T00:20:10.7371150Z 
Test	Run npm run test:browser	2026-09-08T00:20:10.7371653Z > showhow@1.6.0 test:browser
Test	Run npm run test:browser	2026-09-08T00:20:10.7371984Z > vitest --config vitest.browser.config.ts --run
Test	Run npm run test:browser	2026-09-08T00:20:10.7372126Z 
Test	Run npm run test:browser	2026-09-08T00:20:10.9463271Z 
Test	Run npm run test:browser	2026-09-08T00:20:10.9465063Z ^[[1m^[[30m^[[46m RUN ^[[49m^[[39m^[[22m ^[[36mv4.1.5 ^[[39m^[[90m/home/runner/work/showhow/showhow^[[39m
Test	Run npm run test:browser	2026-09-08T00:20:10.9465345Z 
Test	Run npm run test:browser	2026-09-08T00:20:13.6715852Z ^[[90mstdout^[[2m | src/lib/exporter/mp4HighResolution.browser.test.ts^[[2m > ^[[22m^[[2mrecognizes every glyph in the exact unencoded reference control
Test	Run npm run test:browser	2026-09-08T00:20:13.6727483Z ^[[22m^[[39mMP4_ORACLE_CONTROL {"frame":15,"score":{"correct":42,"total":42,"minimumContrastRatio":1,"mismatches":[]},"matchedRows":{"correct":42,"total":42,"minimumContrastRatio":1,"mismatches":[]},"negative":{"correct":2,"total":42,"minimumContrastRatio":0.0861244019138756,"mismatches":[{"row":0,"column":0,"expected":"0","recognized":"7","rectangle":{"x":94,"y":72,"width":24,"height":30}},{"row":0,"column":1,"expected":"1","recognized":"7","rectangle":{"x":125,"y":72,"width":24,"height":30}},{"row":0,"column":2,"expected":"2","recognized":"7","rectangle":{"x":157,"y":72,"width":24,"height":30}},{"row":0,"column":3,"expected":"3","recognized":"7","rectangle":{"x":189,"y":72,"width":24,"height":30}},{"row":0,"column":4,"expected":"4","recognized":"7","rectangle":{"x":221,"y":72,"width":24,"height":30}},{"row":0,"column":5,"expected":"5","recognized":"7","rectangle":{"x":252,"y":72,"width":24,"height":30}},{"row":0,"column":6,"expected":"6","recognized":"7","rectangle":{"x":284,"y":72,"width":24,"height":30}},{"row":0,"column":8,"expected":"8","recognized":"7","rectangle":{"x":348,"y":72,"width":24,"height":30}},{"row":0,"column":9,"expected":"9","recognized":"7","rectangle":{"x":379,"y":72,"width":24,"height":30}},{"row":0,"column":10,"expected":"A","recognized":"7","rectangle":{"x":411,"y":72,"width":24,"height":30}},{"row":0,"column":11,"expected":"B","recognized":"7","rectangle":{"x":443,"y":72,"width":24,"height":30}},{"row":0,"column":12,"expected":"C","recognized":"7","rectangle":{"x":475,"y":72,"width":24,"height":30}},{"row":0,"column":13,"expected":"D","recognized":"7","rectangle":{"x":506,"y":72,"width":24,"height":30}},{"row":0,"column":14,"expected":"E","recognized":"7","rectangle":{"x":538,"y":72,"width":24,"height":30}},{"row":0,"column":15,"expected":"F","recognized":"7","rectangle":{"x":570,"y":72,"width":24,"height":30}},{"row":0,"column":16,"expected":"G","recognized":"7","rectangle":{"x":602,"y":72,"width":24,"height":30}},{"row":0,"column":17,"expected":"H","recognized":"7","rectangle":{"x":633,"y":72,"width":24,"height":30}},{"row":0,"column":18,"expected":"J","recognized":"7","rectangle":{"x":665,"y":72,"width":24,"height":30}},{"row":0,"column":19,"expected":"K","recognized":"C","rectangle":{"x":697,"y":72,"width":24,"height":30}},{"row":0,"column":20,"expected":"M","recognized":"7","rectangle":{"x":729,"y":72,"width":24,"height":30}},{"row":30,"column":0,"expected":"0","recognized":"7","rectangle":{"x":94,"y":1263,"width":24,"height":30}},{"row":30,"column":1,"expected":"1","recognized":"7","rectangle":{"x":125,"y":1263,"width":24,"height":30}},{"row":30,"column":2,"expected":"2","recognized":"7","rectangle":{"x":157,"y":1263,"width":24,"height":30}},{"row":30,"column":3,"expected":"3","recognized":"7","rectangle":{"x":189,"y":1263,"width":24,"height":30}},{"row":30,"column":4,"expected":"4","recognized":"7","rectangle":{"x":221,"y":1263,"width":24,"height":30}},{"row":30,"column":5,"expected":"5","recognized":"7","rectangle":{"x":252,"y":1263,"width":24,"height":30}},{"row":30,"column":6,"expected":"6","recognized":"7","rectangle":{"x":284,"y":1263,"width":24,"height":30}},{"row":30,"column":8,"expected":"8","recognized":"7","rectangle":{"x":348,"y":1263,"width":24,"height":30}},{"row":30,"column":9,"expected":"9","recognized":"7","rectangle":{"x":379,"y":1263,"width":24,"height":30}},{"row":30,"column":10,"expected":"A","recognized":"7","rectangle":{"x":411,"y":1263,"width":24,"height":30}},{"row":30,"column":11,"expected":"B","recognized":"7","rectangle":{"x":443,"y":1263,"width":24,"height":30}},{"row":30,"column":12,"expected":"C","recognized":"7","rectangle":{"x":475,"y":1263,"width":24,"height":30}},{"row":30,"column":13,"expected":"D","recognized":"7","rectangle":{"x":506,"y":1263,"width":24,"height":30}},{"row":30,"column":14,"expected":"E","recognized":"7","rectangle":{"x":538,"y":1263,"width":24,"height":30}},{"row":30,"column":15,"expected":"F","recognized":"7","rectangle":{"x":570,"y":1263,"width":24,"height":30}},{"row":30,"column":16,"expected":"G","recognized":"7","rectangle":{"x":602,"y":1263,"width":24,"height":30}},{"row":30,"column":17,"expected":"H","recognized":"7","rectangle":{"x":633,"y":1263,"width":24,"height":30}},{"row":30,"column":18,"expected":"J","recognized":"7","rectangle":{"x":665,"y":1263,"width":24,"height":30}},{"row":30,"column":19,"expected":"K","recognized":"7","rectangle":{"x":697,"y":1263,"width":24,"height":30}},{"row":30,"column":20,"expected":"M","recognized":"7","rectangle":{"x":729,"y":1263,"width":24,"height":30}}]}}
Test	Run npm run test:browser	2026-09-08T00:20:14.6170937Z ^[[90mstdout^[[2m | src/lib/exporter/mp4HighResolution.browser.test.ts^[[2m > ^[[22m^[[2mrecognizes every glyph in the exact unencoded reference control
Test	Run npm run test:browser	2026-09-08T00:20:14.6197618Z ^[[22m^[[39mMP4_ORACLE_CONTROL {"frame":45,"score":{"correct":42,"total":42,"minimumContrastRatio":1,"mismatches":[]},"matchedRows":{"correct":42,"total":42,"minimumContrastRatio":1,"mismatches":[]},"negative":{"correct":2,"total":42,"minimumContrastRatio":0.09,"mismatches":[{"row":0,"column":0,"expected":"0","recognized":"7","rectangle":{"x":123,"y":72,"width":24,"height":30}},{"row":0,"column":1,"expected":"1","recognized":"7","rectangle":{"x":155,"y":72,"width":24,"height":30}},{"row":0,"column":2,"expected":"2","recognized":"7","rectangle":{"x":187,"y":72,"width":24,"height":30}},{"row":0,"column":3,"expected":"3","recognized":"7","rectangle":{"x":219,"y":72,"width":24,"height":30}},{"row":0,"column":4,"expected":"4","recognized":"7","rectangle":{"x":250,"y":72,"width":24,"height":30}},{"row":0,"column":5,"expected":"5","recognized":"7","rectangle":{"x":282,"y":72,"width":24,"height":30}},{"row":0,"column":6,"expected":"6","recognized":"7","rectangle":{"x":314,"y":72,"width":24,"height":30}},{"row":0,"column":8,"expected":"8","recognized":"7","rectangle":{"x":377,"y":72,"width":24,"height":30}},{"row":0,"column":9,"expected":"9","recognized":"7","rectangle":{"x":409,"y":72,"width":24,"height":30}},{"row":0,"column":10,"expected":"A","recognized":"7","rectangle":{"x":441,"y":72,"width":24,"height":30}},{"row":0,"column":11,"expected":"B","recognized":"7","rectangle":{"x":473,"y":72,"width":24,"height":30}},{"row":0,"column":12,"expected":"C","recognized":"7","rectangle":{"x":504,"y":72,"width":24,"height":30}},{"row":0,"column":13,"expected":"D","recognized":"7","rectangle":{"x":536,"y":72,"width":24,"height":30}},{"row":0,"column":14,"expected":"E","recognized":"7","rectangle":{"x":568,"y":72,"width":24,"height":30}},{"row":0,"column":15,"expected":"F","recognized":"7","rectangle":{"x":600,"y":72,"width":24,"height":30}},{"row":0,"column":16,"expected":"G","recognized":"7","rectangle":{"x":631,"y":72,"width":24,"height":30}},{"row":0,"column":17,"expected":"H","recognized":"7","rectangle":{"x":663,"y":72,"width":24,"height":30}},{"row":0,"column":18,"expected":"J","recognized":"7","rectangle":{"x":695,"y":72,"width":24,"height":30}},{"row":0,"column":19,"expected":"K","recognized":"7","rectangle":{"x":727,"y":72,"width":24,"height":30}},{"row":0,"column":20,"expected":"M","recognized":"7","rectangle":{"x":758,"y":72,"width":24,"height":30}},{"row":30,"column":0,"expected":"0","recognized":"7","rectangle":{"x":123,"y":1263,"width":24,"height":30}},{"row":30,"column":1,"expected":"1","recognized":"7","rectangle":{"x":155,"y":1263,"width":24,"height":30}},{"row":30,"column":2,"expected":"2","recognized":"7","rectangle":{"x":187,"y":1263,"width":24,"height":30}},{"row":30,"column":3,"expected":"3","recognized":"7","rectangle":{"x":219,"y":1263,"width":24,"height":30}},{"row":30,"column":4,"expected":"4","recognized":"7","rectangle":{"x":250,"y":1263,"width":24,"height":30}},{"row":30,"column":5,"expected":"5","recognized":"7","rectangle":{"x":282,"y":1263,"width":24,"height":30}},{"row":30,"column":6,"expected":"6","recognized":"7","rectangle":{"x":314,"y":1263,"width":24,"height":30}},{"row":30,"column":8,"expected":"8","recognized":"7","rectangle":{"x":377,"y":1263,"width":24,"height":30}},{"row":30,"column":9,"expected":"9","recognized":"7","rectangle":{"x":409,"y":1263,"width":24,"height":30}},{"row":30,"column":10,"expected":"A","recognized":"7","rectangle":{"x":441,"y":1263,"width":24,"height":30}},{"row":30,"column":11,"expected":"B","recognized":"7","rectangle":{"x":473,"y":1263,"width":24,"height":30}},{"row":30,"column":12,"expected":"C","recognized":"7","rectangle":{"x":504,"y":1263,"width":24,"height":30}},{"row":30,"column":13,"expected":"D","recognized":"7","rectangle":{"x":536,"y":1263,"width":24,"height":30}},{"row":30,"column":14,"expected":"E","recognized":"7","rectangle":{"x":568,"y":1263,"width":24,"height":30}},{"row":30,"column":15,"expected":"F","recognized":"7","rectangle":{"x":600,"y":1263,"width":24,"height":30}},{"row":30,"column":16,"expected":"G","recognized":"7","rectangle":{"x":631,"y":1263,"width":24,"height":30}},{"row":30,"column":17,"expected":"H","recognized":"7","rectangle":{"x":663,"y":1263,"width":24,"height":30}},{"row":30,"column":18,"expected":"J","recognized":"7","rectangle":{"x":695,"y":1263,"width":24,"height":30}},{"row":30,"column":19,"expected":"K","recognized":"7","rectangle":{"x":727,"y":1263,"width":24,"height":30}},{"row":30,"column":20,"expected":"M","recognized":"7","rectangle":{"x":758,"y":1263,"width":24,"height":30}}]}}
Test	Run npm run test:browser	2026-09-08T00:20:24.9455055Z ^[[90mstderr^[[2m | src/lib/exporter/mp4HighResolution.browser.test.ts^[[2m > ^[[22m^[[2mpreserves native 4K source-quality text through motion and rejects blurred text
Test	Run npm run test:browser	2026-09-08T00:20:24.9456566Z ^[[22m^[[39mFailed to get platform from Electron, falling back to navigator: [TypeError: Cannot read properties of undefined (reading 'getPlatform')]
Test	Run npm run test:browser	2026-09-08T00:20:24.9495841Z ^[[90mstdout^[[2m | src/lib/exporter/mp4HighResolution.browser.test.ts^[[2m > ^[[22m^[[2mpreserves native 4K source-quality text through motion and rejects blurred text
Test	Run npm run test:browser	2026-09-08T00:20:24.9497452Z ^[[22m^[[39mMP4_BOUNDARY {"module":"streamingDecoder.ts","stage":"source-loaded","count":1,"ms":12960,"detail":{"bytes":2553433}}
Test	Run npm run test:browser	2026-09-08T00:20:24.9555070Z ^[[90mstdout^[[2m | src/lib/exporter/mp4HighResolution.browser.test.ts^[[2m > ^[[22m^[[2mpreserves native 4K source-quality text through motion and rejects blurred text
Test	Run npm run test:browser	2026-09-08T00:20:24.9555952Z ^[[22m^[[39mMP4_BOUNDARY {"module":"streamingDecoder.ts","stage":"demux-init","count":1,"ms":12960}
Test	Run npm run test:browser	2026-09-08T00:20:25.1733724Z ^[[90mstdout^[[2m | src/lib/exporter/mp4HighResolution.browser.test.ts^[[2m > ^[[22m^[[2mpreserves native 4K source-quality text through motion and rejects blurred text
Test	Run npm run test:browser	2026-09-08T00:20:25.1734724Z ^[[22m^[[39m[VideoExporter] source-copy fast path disabled {
Test	Run npm run test:browser	2026-09-08T00:20:25.1735225Z   "blockers": [
Test	Run npm run test:browser	2026-09-08T00:20:25.1735432Z     "padding is not zero",
Test	Run npm run test:browser	2026-09-08T00:20:25.1735636Z   ],
Test	Run npm run test:browser	2026-09-08T00:20:25.1735804Z   "output": {
Test	Run npm run test:browser	2026-09-08T00:20:25.1735983Z     "height": 2160,
Test	Run npm run test:browser	2026-09-08T00:20:25.1736175Z     "width": 3840,
Test	Run npm run test:browser	2026-09-08T00:20:25.1736349Z   },
Test	Run npm run test:browser	2026-09-08T00:20:25.1736781Z   "source": {
Test	Run npm run test:browser	2026-09-08T00:20:25.1737096Z     "audioCodec": undefined,
Test	Run npm run test:browser	2026-09-08T00:20:25.1737314Z     "codec": "avc1.640c34",
Test	Run npm run test:browser	2026-09-08T00:20:25.1737537Z     "duration": 1,
Test	Run npm run test:browser	2026-09-08T00:20:25.1737726Z     "frameRate": 60,
Test	Run npm run test:browser	2026-09-08T00:20:25.1737914Z     "hasAudio": false,
Test	Run npm run test:browser	2026-09-08T00:20:25.1738104Z     "height": 2160,
Test	Run npm run test:browser	2026-09-08T00:20:25.1738296Z     "streamDuration": 1,
Test	Run npm run test:browser	2026-09-08T00:20:25.1738498Z     "width": 3840,
Test	Run npm run test:browser	2026-09-08T00:20:25.1738671Z   },
Test	Run npm run test:browser	2026-09-08T00:20:25.1738830Z }
Test	Run npm run test:browser	2026-09-08T00:20:25.2148961Z ^[[90mstderr^[[2m | src/lib/exporter/mp4HighResolution.browser.test.ts^[[2m > ^[[22m^[[2mpreserves native 4K source-quality text through motion and rejects blurred text
Test	Run npm run test:browser	2026-09-08T00:20:25.2150392Z ^[[22m^[[39m    at FrameRenderer.initialize (http://localhost:63315/src/lib/exporter/frameRenderer.ts:135:26)
Test	Run npm run test:browser	2026-09-08T00:20:25.2154552Z     at async VideoExporter.exportWithEncoderPreference (http://localhost:63315/src/lib/exporter/videoExporter.ts:210:7)
Test	Run npm run test:browser	2026-09-08T00:20:25.2155508Z     at async VideoExporter.export (http://localhost:63315/src/lib/exporter/videoExporter.ts:111:16)
Test	Run npm run test:browser	2026-09-08T00:20:25.2156581Z     at async http://localhost:63315/home/runner/work/showhow/showhow/src/lib/exporter/mp4HighResolution.browser.test.ts?import&browserv=1788826812167:74:22
Test	Run npm run test:browser	2026-09-08T00:20:25.2157800Z     at async http://localhost:63315/node_modules/@vitest/runner/dist/chunk-artifact.js?v=01507b9c:1903:20
Test	Run npm run test:browser	2026-09-08T00:20:25.2158974Z ^[[90mstderr^[[2m | src/lib/exporter/mp4HighResolution.browser.test.ts^[[2m > ^[[22m^[[2mpreserves native 4K source-quality text through motion and rejects blurred text
Test	Run npm run test:browser	2026-09-08T00:20:25.2159704Z ^[[22m^[[39m    at FrameRenderer.initialize (http://localhost:63315/src/lib/exporter/frameRenderer.ts:136:29)
Test	Run npm run test:browser	2026-09-08T00:20:25.2160278Z     at async VideoExporter.exportWithEncoderPreference (http://localhost:63315/src/lib/exporter/videoExporter.ts:210:7)
Test	Run npm run test:browser	2026-09-08T00:20:25.2160825Z     at async VideoExporter.export (http://localhost:63315/src/lib/exporter/videoExporter.ts:111:16)
Test	Run npm run test:browser	2026-09-08T00:20:25.2161454Z     at async http://localhost:63315/home/runner/work/showhow/showhow/src/lib/exporter/mp4HighResolution.browser.test.ts?import&browserv=1788826812167:74:22
Test	Run npm run test:browser	2026-09-08T00:20:25.2162064Z     at async http://localhost:63315/node_modules/@vitest/runner/dist/chunk-artifact.js?v=01507b9c:1903:20
Test	Run npm run test:browser	2026-09-08T00:20:25.2221619Z ^[[90mstdout^[[2m | src/lib/exporter/mp4HighResolution.browser.test.ts^[[2m > ^[[22m^[[2mpreserves native 4K source-quality text through motion and rejects blurred text
Test	Run npm run test:browser	2026-09-08T00:20:25.2236803Z ^[[22m^[[39mMP4_BOUNDARY {"module":"videoExporter.ts","stage":"renderer-initialized","count":1,"ms":13232}
Test	Run npm run test:browser	2026-09-08T00:20:25.2238768Z ^[[90mstderr^[[2m | src/lib/exporter/mp4HighResolution.browser.test.ts^[[2m > ^[[22m^[[2mpreserves native 4K source-quality text through motion and rejects blurred text
Test	Run npm run test:browser	2026-09-08T00:20:25.2240485Z ^[[22m^[[39m[VideoExporter] prefer-hardware export attempt failed: [Error: Hardware video encoding is not supported on this system.]
Test	Run npm run test:browser	2026-09-08T00:20:25.4296087Z ^[[90mstdout^[[2m | src/lib/exporter/mp4HighResolution.browser.test.ts^[[2m > ^[[22m^[[2mpreserves native 4K source-quality text through motion and rejects blurred text
Test	Run npm run test:browser	2026-09-08T00:20:25.4310643Z ^[[22m^[[39m[VideoExporter] source-copy fast path disabled {
Test	Run npm run test:browser	2026-09-08T00:20:25.4311097Z   "blockers": [
Test	Run npm run test:browser	2026-09-08T00:20:25.4311370Z     "padding is not zero",
Test	Run npm run test:browser	2026-09-08T00:20:25.4311620Z   ],
Test	Run npm run test:browser	2026-09-08T00:20:25.4311806Z   "output": {
Test	Run npm run test:browser	2026-09-08T00:20:25.4312033Z     "height": 2160,
Test	Run npm run test:browser	2026-09-08T00:20:25.4312288Z     "width": 3840,
Test	Run npm run test:browser	2026-09-08T00:20:25.4312544Z   },
Test	Run npm run test:browser	2026-09-08T00:20:25.4312718Z   "source": {
Test	Run npm run test:browser	2026-09-08T00:20:25.4312948Z     "audioCodec": undefined,
Test	Run npm run test:browser	2026-09-08T00:20:25.4313219Z     "codec": "avc1.640c34",
Test	Run npm run test:browser	2026-09-08T00:20:25.4313465Z     "duration": 1,
Test	Run npm run test:browser	2026-09-08T00:20:25.4313690Z     "frameRate": 60,
Test	Run npm run test:browser	2026-09-08T00:20:25.4313927Z     "hasAudio": false,
Test	Run npm run test:browser	2026-09-08T00:20:25.4314158Z     "height": 2160,
Test	Run npm run test:browser	2026-09-08T00:20:25.4314394Z     "streamDuration": 1,
Test	Run npm run test:browser	2026-09-08T00:20:25.4314642Z     "width": 3840,
Test	Run npm run test:browser	2026-09-08T00:20:25.4315090Z   },
Test	Run npm run test:browser	2026-09-08T00:20:25.4315261Z }
Test	Run npm run test:browser	2026-09-08T00:20:25.4757189Z ^[[90mstdout^[[2m | src/lib/exporter/mp4HighResolution.browser.test.ts^[[2m > ^[[22m^[[2mpreserves native 4K source-quality text through motion and rejects blurred text
Test	Run npm run test:browser	2026-09-08T00:20:25.4758635Z ^[[22m^[[39m[VideoExporter] Using software acceleration
Test	Run npm run test:browser	2026-09-08T00:20:25.4759681Z ^[[90mstdout^[[2m | src/lib/exporter/mp4HighResolution.browser.test.ts^[[2m > ^[[22m^[[2mpreserves native 4K source-quality text through motion and rejects blurred text
Test	Run npm run test:browser	2026-09-08T00:20:25.4761429Z ^[[22m^[[39mMP4_BOUNDARY {"module":"videoExporter.ts","stage":"encoder-initialized","count":1,"ms":13486,"detail":{"encoderPreference":"prefer-software"}}
Test	Run npm run test:browser	2026-09-08T00:20:25.4762689Z ^[[90mstdout^[[2m | src/lib/exporter/mp4HighResolution.browser.test.ts^[[2m > ^[[22m^[[2mpreserves native 4K source-quality text through motion and rejects blurred text
Test	Run npm run test:browser	2026-09-08T00:20:25.4793064Z ^[[22m^[[39mMP4_BOUNDARY {"module":"videoExporter.ts","stage":"mux-initialized","count":1,"ms":13486}
Test	Run npm run test:browser	2026-09-08T00:20:25.5400594Z ^[[90mstdout^[[2m | src/lib/exporter/mp4HighResolution.browser.test.ts^[[2m > ^[[22m^[[2mpreserves native 4K source-quality text through motion and rejects blurred text
Test	Run npm run test:browser	2026-09-08T00:20:25.5430139Z ^[[22m^[[39mMP4_BOUNDARY {"module":"streamingDecoder.ts","stage":"demux-config","count":1,"ms":13549,"detail":{"codec":"avc1.640c34","codedWidth":3840,"codedHeight":2160,"description":{"0":1,"1":100,"2":12,"3":52,"4":255,"5":225,"6":0,"7":19,"8":103,"9":100,"10":12,"11":52,"12":172,"13":24,"14":208,"15":7,"16":128,"17":8,"18":125,"19":53,"20":1,"21":1,"22":1,"23":7,"24":132,"25":66,"26":53,"27":1,"28":0,"29":4,"30":104,"31":206,"32":60,"33":128,"34":253,"35":248,"36":248,"37":0},"rotation":0,"flip":false}}
Test	Run npm run test:browser	2026-09-08T00:20:25.5432440Z ^[[90mstdout^[[2m | src/lib/exporter/mp4HighResolution.browser.test.ts^[[2m > ^[[22m^[[2mpreserves native 4K source-quality text through motion and rejects blurred text
Test	Run npm run test:browser	2026-09-08T00:20:25.5433246Z ^[[22m^[[39m[StreamingVideoDecoder] decoderConfig.codec: avc1.640c34
Test	Run npm run test:browser	2026-09-08T00:20:25.5434239Z ^[[90mstdout^[[2m | src/lib/exporter/mp4HighResolution.browser.test.ts^[[2m > ^[[22m^[[2mpreserves native 4K source-quality text through motion and rejects blurred text
Test	Run npm run test:browser	2026-09-08T00:20:25.5435078Z ^[[22m^[[39m[StreamingVideoDecoder] decoderConfig.description: Uint8Array [
Test	Run npm run test:browser	2026-09-08T00:20:25.5435433Z   1,
Test	Run npm run test:browser	2026-09-08T00:20:25.5435607Z   100,
Test	Run npm run test:browser	2026-09-08T00:20:25.5435775Z   12,
Test	Run npm run test:browser	2026-09-08T00:20:25.5435940Z   52,
Test	Run npm run test:browser	2026-09-08T00:20:25.5436108Z   255,
Test	Run npm run test:browser	2026-09-08T00:20:25.5436270Z   225,
Test	Run npm run test:browser	2026-09-08T00:20:25.5436440Z   0,
Test	Run npm run test:browser	2026-09-08T00:20:25.5436602Z   19,
Test	Run npm run test:browser	2026-09-08T00:20:25.5436761Z   103,
Test	Run npm run test:browser	2026-09-08T00:20:25.5437036Z   100,
Test	Run npm run test:browser	2026-09-08T00:20:25.5437198Z   12,
Test	Run npm run test:browser	2026-09-08T00:20:25.5437362Z   52,
Test	Run npm run test:browser	2026-09-08T00:20:25.5437544Z   172,
Test	Run npm run test:browser	2026-09-08T00:20:25.5437705Z   24,
Test	Run npm run test:browser	2026-09-08T00:20:25.5437869Z   208,
Test	Run npm run test:browser	2026-09-08T00:20:25.5438029Z   7,
Test	Run npm run test:browser	2026-09-08T00:20:25.5438188Z   128,
Test	Run npm run test:browser	2026-09-08T00:20:25.5438346Z   8,
Test	Run npm run test:browser	2026-09-08T00:20:25.5438507Z   125,
Test	Run npm run test:browser	2026-09-08T00:20:25.5438665Z   53,
Test	Run npm run test:browser	2026-09-08T00:20:25.5438830Z   1,
Test	Run npm run test:browser	2026-09-08T00:20:25.5438992Z   1,
Test	Run npm run test:browser	2026-09-08T00:20:25.5439147Z   1,
Test	Run npm run test:browser	2026-09-08T00:20:25.5439303Z   7,
Test	Run npm run test:browser	2026-09-08T00:20:25.5439460Z   132,
Test	Run npm run test:browser	2026-09-08T00:20:25.5439623Z   66,
Test	Run npm run test:browser	2026-09-08T00:20:25.5439780Z   53,
Test	Run npm run test:browser	2026-09-08T00:20:25.5439937Z   1,
Test	Run npm run test:browser	2026-09-08T00:20:25.5440098Z   0,
Test	Run npm run test:browser	2026-09-08T00:20:25.5440255Z   4,
Test	Run npm run test:browser	2026-09-08T00:20:25.5440414Z   104,
Test	Run npm run test:browser	2026-09-08T00:20:25.5440575Z   206,
Test	Run npm run test:browser	2026-09-08T00:20:25.5440740Z   60,
Test	Run npm run test:browser	2026-09-08T00:20:25.5440898Z   128,
Test	Run npm run test:browser	2026-09-08T00:20:25.5441058Z   253,
Test	Run npm run test:browser	2026-09-08T00:20:25.5441225Z   248,
Test	Run npm run test:browser	2026-09-08T00:20:25.5441384Z   248,
Test	Run npm run test:browser	2026-09-08T00:20:25.5441545Z   0,
Test	Run npm run test:browser	2026-09-08T00:20:25.5441706Z ]
Test	Run npm run test:browser	2026-09-08T00:20:25.5442526Z ^[[90mstdout^[[2m | src/lib/exporter/mp4HighResolution.browser.test.ts^[[2m > ^[[22m^[[2mpreserves native 4K source-quality text through motion and rejects blurred text
Test	Run npm run test:browser	2026-09-08T00:20:25.5443371Z ^[[22m^[[39m[StreamingVideoDecoder] isConfigSupported for "avc1.640c34": true
Test	Run npm run test:browser	2026-09-08T00:20:25.5444368Z ^[[90mstdout^[[2m | src/lib/exporter/mp4HighResolution.browser.test.ts^[[2m > ^[[22m^[[2mpreserves native 4K source-quality text through motion and rejects blurred text
Test	Run npm run test:browser	2026-09-08T00:20:25.5447249Z ^[[22m^[[39mMP4_BOUNDARY {"module":"streamingDecoder.ts","stage":"decoder-configured","count":1,"ms":13552,"detail":{"codec":"avc1.640c34","codedWidth":3840,"codedHeight":2160,"description":{"0":1,"1":100,"2":12,"3":52,"4":255,"5":225,"6":0,"7":19,"8":103,"9":100,"10":12,"11":52,"12":172,"13":24,"14":208,"15":7,"16":128,"17":8,"18":125,"19":53,"20":1,"21":1,"22":1,"23":7,"24":132,"25":66,"26":53,"27":1,"28":0,"29":4,"30":104,"31":206,"32":60,"33":128,"34":253,"35":248,"36":248,"37":0},"rotation":0,"flip":false}}
Test	Run npm run test:browser	2026-09-08T00:20:25.5876709Z ^[[90mstdout^[[2m | src/lib/exporter/mp4HighResolution.browser.test.ts^[[2m > ^[[22m^[[2mpreserves native 4K source-quality text through motion and rejects blurred text
Test	Run npm run test:browser	2026-09-08T00:20:25.5883229Z ^[[22m^[[39mMP4_BOUNDARY {"module":"streamingDecoder.ts","stage":"demux-read","count":1,"ms":13597,"detail":{"done":false,"timestamp":0}}
Test	Run npm run test:browser	2026-09-08T00:20:25.5909438Z ^[[90mstdout^[[2m | src/lib/exporter/mp4HighResolution.browser.test.ts^[[2m > ^[[22m^[[2mpreserves native 4K source-quality text through motion and rejects blurred text
Test	Run npm run test:browser	2026-09-08T00:20:25.5910753Z ^[[22m^[[39mMP4_BOUNDARY {"module":"streamingDecoder.ts","stage":"decoder-feed","count":1,"ms":13598,"detail":{"queue":0,"pending":0}}
Test	Run npm run test:browser	2026-09-08T00:20:25.5964357Z ^[[90mstdout^[[2m | src/lib/exporter/mp4HighResolution.browser.test.ts^[[2m > ^[[22m^[[2mpreserves native 4K source-quality text through motion and rejects blurred text
Test	Run npm run test:browser	2026-09-08T00:20:25.5973749Z ^[[22m^[[39mMP4_BOUNDARY {"module":"streamingDecoder.ts","stage":"demux-read","count":10,"ms":13606,"detail":{"done":false,"timestamp":150000}}
Test	Run npm run test:browser	2026-09-08T00:20:25.5977197Z ^[[90mstdout^[[2m | src/lib/exporter/mp4HighResolution.browser.test.ts^[[2m > ^[[22m^[[2mpreserves native 4K source-quality text through motion and rejects blurred text
Test	Run npm run test:browser	2026-09-08T00:20:25.5978492Z ^[[22m^[[39mMP4_BOUNDARY {"module":"streamingDecoder.ts","stage":"decoder-feed","count":10,"ms":13607,"detail":{"queue":7,"pending":0}}
Test	Run npm run test:browser	2026-09-08T00:20:25.6232927Z ^[[90mstdout^[[2m | src/lib/exporter/mp4HighResolution.browser.test.ts^[[2m > ^[[22m^[[2mpreserves native 4K source-quality text through motion and rejects blurred text
Test	Run npm run test:browser	2026-09-08T00:20:25.6258350Z ^[[22m^[[39mMP4_BOUNDARY {"module":"streamingDecoder.ts","stage":"decoder-output","count":1,"ms":13633,"detail":{"timestamp":0}}
Test	Run npm run test:browser	2026-09-08T00:20:25.6287847Z ^[[90mstdout^[[2m | src/lib/exporter/mp4HighResolution.browser.test.ts^[[2m > ^[[22m^[[2mpreserves native 4K source-quality text through motion and rejects blurred text
Test	Run npm run test:browser	2026-09-08T00:20:25.6288779Z ^[[22m^[[39mMP4_BOUNDARY {"module":"videoExporter.ts","stage":"onFrame-start","count":1,"ms":13634,"detail":{"sourceTimestampMs":0}}
Test	Run npm run test:browser	2026-09-08T00:20:27.5794818Z ^[[90mstdout^[[2m | src/lib/exporter/mp4HighResolution.browser.test.ts^[[2m > ^[[22m^[[2mpreserves native 4K source-quality text through motion and rejects blurred text
Test	Run npm run test:browser	2026-09-08T00:20:27.5795914Z ^[[22m^[[39mMP4_BOUNDARY {"module":"videoExporter.ts","stage":"render-complete","count":1,"ms":15588}
Test	Run npm run test:browser	2026-09-08T00:20:27.7912705Z ^[[90mstdout^[[2m | src/lib/exporter/mp4HighResolution.browser.test.ts^[[2m > ^[[22m^[[2mpreserves native 4K source-quality text through motion and rejects blurred text
Test	Run npm run test:browser	2026-09-08T00:20:27.7914626Z ^[[22m^[[39mMP4_BOUNDARY {"module":"videoExporter.ts","stage":"encoder-feed","count":1,"ms":15798,"detail":{"queue":0}}
Test	Run npm run test:browser	2026-09-08T00:20:27.7916024Z ^[[90mstdout^[[2m | src/lib/exporter/mp4HighResolution.browser.test.ts^[[2m > ^[[22m^[[2mpreserves native 4K source-quality text through motion and rejects blurred text
Test	Run npm run test:browser	2026-09-08T00:20:27.7917326Z ^[[22m^[[39mMP4_BOUNDARY {"module":"streamingDecoder.ts","stage":"onFrame-complete","count":1,"ms":15799}
Test	Run npm run test:browser	2026-09-08T00:20:56.1228361Z ^[[90mstdout^[[2m | src/lib/exporter/mp4HighResolution.browser.test.ts^[[2m > ^[[22m^[[2mpreserves native 4K source-quality text through motion and rejects blurred text
Test	Run npm run test:browser	2026-09-08T00:20:56.1288667Z ^[[22m^[[39mMP4_BOUNDARY {"module":"streamingDecoder.ts","stage":"decoder-output","count":10,"ms":44129,"detail":{"timestamp":150000}}
Test	Run npm run test:browser	2026-09-08T00:20:59.3659390Z ^[[90mstdout^[[2m | src/lib/exporter/mp4HighResolution.browser.test.ts^[[2m > ^[[22m^[[2mpreserves native 4K source-quality text through motion and rejects blurred text
Test	Run npm run test:browser	2026-09-08T00:20:59.3698870Z ^[[22m^[[39mMP4_BOUNDARY {"module":"videoExporter.ts","stage":"onFrame-start","count":10,"ms":47375,"detail":{"sourceTimestampMs":150}}
Test	Run npm run test:browser	2026-09-08T00:21:02.3859574Z ^[[90mstdout^[[2m | src/lib/exporter/mp4HighResolution.browser.test.ts^[[2m > ^[[22m^[[2mpreserves native 4K source-quality text through motion and rejects blurred text
Test	Run npm run test:browser	2026-09-08T00:21:02.3861137Z ^[[22m^[[39mMP4_BOUNDARY {"module":"videoExporter.ts","stage":"render-complete","count":10,"ms":50396}
Test	Run npm run test:browser	2026-09-08T00:21:02.5719037Z ^[[90mstdout^[[2m | src/lib/exporter/mp4HighResolution.browser.test.ts^[[2m > ^[[22m^[[2mpreserves native 4K source-quality text through motion and rejects blurred text
Test	Run npm run test:browser	2026-09-08T00:21:02.5720343Z ^[[22m^[[39mMP4_BOUNDARY {"module":"videoExporter.ts","stage":"encoder-feed","count":10,"ms":50581,"detail":{"queue":0}}
Test	Run npm run test:browser	2026-09-08T00:21:02.5721429Z ^[[90mstdout^[[2m | src/lib/exporter/mp4HighResolution.browser.test.ts^[[2m > ^[[22m^[[2mpreserves native 4K source-quality text through motion and rejects blurred text
Test	Run npm run test:browser	2026-09-08T00:21:02.5738773Z ^[[22m^[[39mMP4_BOUNDARY {"module":"streamingDecoder.ts","stage":"onFrame-complete","count":10,"ms":50582}
Test	Run npm run test:browser	2026-09-08T00:21:13.6107745Z ^[[90mstdout^[[2m | src/lib/exporter/mp4HighResolution.browser.test.ts^[[2m > ^[[22m^[[2mpreserves native 4K source-quality text through motion and rejects blurred text
Test	Run npm run test:browser	2026-09-08T00:21:13.6139540Z ^[[22m^[[39mMP4_BOUNDARY {"module":"streamingDecoder.ts","stage":"demux-read","count":30,"ms":61615,"detail":{"done":false,"timestamp":483333}}
Test	Run npm run test:browser	2026-09-08T00:21:18.2236252Z ^[[90mstdout^[[2m | src/lib/exporter/mp4HighResolution.browser.test.ts^[[2m > ^[[22m^[[2mpreserves native 4K source-quality text through motion and rejects blurred text
Test	Run npm run test:browser	2026-09-08T00:21:18.2299518Z ^[[22m^[[39mMP4_BOUNDARY {"module":"streamingDecoder.ts","stage":"decoder-feed","count":30,"ms":66232,"detail":{"queue":11,"pending":0}}
Test	Run npm run test:browser	2026-09-08T00:22:12.1918817Z ^[[90mstdout^[[2m | src/lib/exporter/mp4HighResolution.browser.test.ts^[[2m > ^[[22m^[[2mpreserves native 4K source-quality text through motion and rejects blurred text
Test	Run npm run test:browser	2026-09-08T00:22:12.1941044Z ^[[22m^[[39mMP4_BOUNDARY {"module":"streamingDecoder.ts","stage":"decoder-output","count":30,"ms":120201,"detail":{"timestamp":483333}}
Test	Run npm run test:browser	2026-09-08T00:22:15.4054729Z ^[[90mstdout^[[2m | src/lib/exporter/mp4HighResolution.browser.test.ts^[[2m > ^[[22m^[[2mpreserves native 4K source-quality text through motion and rejects blurred text
Test	Run npm run test:browser	2026-09-08T00:22:15.4056267Z ^[[22m^[[39mMP4_BOUNDARY {"module":"videoExporter.ts","stage":"onFrame-start","count":30,"ms":123411,"detail":{"sourceTimestampMs":483.3333333333333}}
Test	Run npm run test:browser	2026-09-08T00:22:19.8181302Z ^[[90mstdout^[[2m | src/lib/exporter/mp4HighResolution.browser.test.ts^[[2m > ^[[22m^[[2mpreserves native 4K source-quality text through motion and rejects blurred text
Test	Run npm run test:browser	2026-09-08T00:22:19.8182373Z ^[[22m^[[39mMP4_BOUNDARY {"module":"videoExporter.ts","stage":"render-complete","count":30,"ms":127828}
Test	Run npm run test:browser	2026-09-08T00:22:20.0070995Z ^[[90mstdout^[[2m | src/lib/exporter/mp4HighResolution.browser.test.ts^[[2m > ^[[22m^[[2mpreserves native 4K source-quality text through motion and rejects blurred text
Test	Run npm run test:browser	2026-09-08T00:22:20.0074435Z ^[[22m^[[39mMP4_BOUNDARY {"module":"videoExporter.ts","stage":"encoder-feed","count":30,"ms":128014,"detail":{"queue":0}}
Test	Run npm run test:browser	2026-09-08T00:22:20.0076520Z ^[[90mstdout^[[2m | src/lib/exporter/mp4HighResolution.browser.test.ts^[[2m > ^[[22m^[[2mpreserves native 4K source-quality text through motion and rejects blurred text
Test	Run npm run test:browser	2026-09-08T00:22:20.0078307Z ^[[22m^[[39mMP4_BOUNDARY {"module":"streamingDecoder.ts","stage":"onFrame-complete","count":30,"ms":128015}
Test	Run npm run test:browser	2026-09-08T00:23:10.1599314Z ^[[90mstdout^[[2m | src/lib/exporter/mp4HighResolution.browser.test.ts^[[2m > ^[[22m^[[2mpreserves native 4K source-quality text through motion and rejects blurred text
Test	Run npm run test:browser	2026-09-08T00:23:10.1627983Z ^[[22m^[[39mMP4_BOUNDARY {"module":"streamingDecoder.ts","stage":"demux-read","count":60,"ms":178169,"detail":{"done":false,"timestamp":983333}}
Test	Run npm run test:browser	2026-09-08T00:23:13.3613382Z ^[[90mstdout^[[2m | src/lib/exporter/mp4HighResolution.browser.test.ts^[[2m > ^[[22m^[[2mpreserves native 4K source-quality text through motion and rejects blurred text
Test	Run npm run test:browser	2026-09-08T00:23:13.3628051Z ^[[22m^[[39mMP4_BOUNDARY {"module":"streamingDecoder.ts","stage":"decoder-feed","count":60,"ms":181370,"detail":{"queue":11,"pending":0}}
Test	Run npm run test:browser	2026-09-08T00:23:13.3629444Z ^[[90mstdout^[[2m | src/lib/exporter/mp4HighResolution.browser.test.ts^[[2m > ^[[22m^[[2mpreserves native 4K source-quality text through motion and rejects blurred text
Test	Run npm run test:browser	2026-09-08T00:23:13.3631057Z ^[[22m^[[39mMP4_BOUNDARY {"module":"streamingDecoder.ts","stage":"decoder-flush-start","count":1,"ms":181370}
Test	Run npm run test:browser	2026-09-08T00:23:22.9911786Z ^[[90mstderr^[[2m | src/lib/exporter/mp4HighResolution.browser.test.ts^[[2m > ^[[22m^[[2mpreserves native 4K source-quality text through motion and rejects blurred text
Test	Run npm run test:browser	2026-09-08T00:23:22.9913138Z ^[[22m^[[39m[vitest] Failed to take a screenshot [TimeoutError: locator.screenshot: Timeout 5000ms exceeded.
Test	Run npm run test:browser	2026-09-08T00:23:22.9913721Z Call log:
Test	Run npm run test:browser	2026-09-08T00:23:22.9914159Z   - waiting for locator('[data-vitest="true"]').contentFrame().locator('body')
Test	Run npm run test:browser	2026-09-08T00:23:22.9929625Z ]
Test	Run npm run test:browser	2026-09-08T00:23:30.7686628Z  ^[[31m❯^[[39m ^[[30m^[[43m chromium ^[[49m^[[39m src/lib/exporter/mp4HighResolution.browser.test.ts ^[[2m(^[[22m^[[2m2 tests^[[22m^[[2m | ^[[22m^[[31m1 failed^[[39m^[[2m)^[[22m^[[33m 190417^[[2mms^[[22m^[[39m
Test	Run npm run test:browser	2026-09-08T00:23:30.7719442Z    ^[[33m^[[2m✓^[[22m^[[39m recognizes every glyph in the exact unencoded reference control ^[[33m 2042^[[2mms^[[22m^[[39m
Test	Run npm run test:browser	2026-09-08T00:23:30.7758300Z ^[[31m   ^[[31m×^[[31m preserves native 4K source-quality text through motion and rejects blurred text^[[39m^[[33m 188374^[[2mms^[[22m^[[39m
Test	Run npm run test:browser	2026-09-08T00:23:52.7745997Z  ^[[2m^[[90m↓^[[39m^[[22m ^[[30m^[[43m chromium ^[[49m^[[39m src/lib/exporter/mp4Benchmark.browser.test.ts ^[[2m(^[[22m^[[2m1 test^[[22m^[[2m | ^[[22m^[[33m1 skipped^[[39m^[[2m)^[[22m
Test	Run npm run test:browser	2026-09-08T00:23:52.9039168Z ^[[90mstderr^[[2m | src/lib/exporter/gifExporter.browser.test.ts^[[2m > ^[[22m^[[2mGifExporter (real browser)^[[2m > ^[[22m^[[2mexports a valid GIF blob from a real video
Test	Run npm run test:browser	2026-09-08T00:23:52.9063845Z ^[[22m^[[39mFailed to get platform from Electron, falling back to navigator: [TypeError: Cannot read properties of undefined (reading 'getPlatform')]
Test	Run npm run test:browser	2026-09-08T00:23:52.9115911Z ^[[90mstdout^[[2m | src/lib/exporter/gifExporter.browser.test.ts^[[2m > ^[[22m^[[2mGifExporter (real browser)^[[2m > ^[[22m^[[2mexports a valid GIF blob from a real video
Test	Run npm run test:browser	2026-09-08T00:23:52.9116677Z ^[[22m^[[39mMP4_BOUNDARY {"module":"streamingDecoder.ts","stage":"source-loaded","count":1,"ms":134,"detail":{"bytes":23869}}
Test	Run npm run test:browser	2026-09-08T00:23:52.9120809Z ^[[90mstdout^[[2m | src/lib/exporter/gifExporter.browser.test.ts^[[2m > ^[[22m^[[2mGifExporter (real browser)^[[2m > ^[[22m^[[2mexports a valid GIF blob from a real video
Test	Run npm run test:browser	2026-09-08T00:23:52.9121871Z ^[[22m^[[39mMP4_BOUNDARY {"module":"streamingDecoder.ts","stage":"demux-init","count":1,"ms":135}
Test	Run npm run test:browser	2026-09-08T00:23:53.0225702Z ^[[90mstderr^[[2m | src/lib/exporter/gifExporter.browser.test.ts^[[2m > ^[[22m^[[2mGifExporter (real browser)^[[2m > ^[[22m^[[2mexports a valid GIF blob from a real video
Test	Run npm run test:browser	2026-09-08T00:23:53.0227323Z ^[[22m^[[39m    at FrameRenderer.initialize (http://localhost:63315/src/lib/exporter/frameRenderer.ts:135:26)
Test	Run npm run test:browser	2026-09-08T00:23:53.0228111Z     at async GifExporter.export (http://localhost:63315/src/lib/exporter/gifExporter.ts:95:7)
Test	Run npm run test:browser	2026-09-08T00:23:53.0228960Z     at async http://localhost:63315/home/runner/work/showhow/showhow/src/lib/exporter/gifExporter.browser.test.ts?import&browserv=1788827032826:23:20
Test	Run npm run test:browser	2026-09-08T00:23:53.0229748Z     at async http://localhost:63315/node_modules/@vitest/runner/dist/chunk-artifact.js?v=01507b9c:1903:20
Test	Run npm run test:browser	2026-09-08T00:23:53.0230759Z ^[[90mstderr^[[2m | src/lib/exporter/gifExporter.browser.test.ts^[[2m > ^[[22m^[[2mGifExporter (real browser)^[[2m > ^[[22m^[[2mexports a valid GIF blob from a real video
Test	Run npm run test:browser	2026-09-08T00:23:53.0231675Z ^[[22m^[[39m    at FrameRenderer.initialize (http://localhost:63315/src/lib/exporter/frameRenderer.ts:136:29)
Test	Run npm run test:browser	2026-09-08T00:23:53.0232561Z     at async GifExporter.export (http://localhost:63315/src/lib/exporter/gifExporter.ts:95:7)
Test	Run npm run test:browser	2026-09-08T00:23:53.0233314Z     at async http://localhost:63315/home/runner/work/showhow/showhow/src/lib/exporter/gifExporter.browser.test.ts?import&browserv=1788827032826:23:20
Test	Run npm run test:browser	2026-09-08T00:23:53.0234105Z     at async http://localhost:63315/node_modules/@vitest/runner/dist/chunk-artifact.js?v=01507b9c:1903:20
Test	Run npm run test:browser	2026-09-08T00:23:53.0292950Z ^[[90mstdout^[[2m | src/lib/exporter/gifExporter.browser.test.ts^[[2m > ^[[22m^[[2mGifExporter (real browser)^[[2m > ^[[22m^[[2mexports a valid GIF blob from a real video
Test	Run npm run test:browser	2026-09-08T00:23:53.0294308Z ^[[22m^[[39m[GifExporter] Original duration: 2 s
Test	Run npm run test:browser	2026-09-08T00:23:53.0295282Z ^[[90mstdout^[[2m | src/lib/exporter/gifExporter.browser.test.ts^[[2m > ^[[22m^[[2mGifExporter (real browser)^[[2m > ^[[22m^[[2mexports a valid GIF blob from a real video
Test	Run npm run test:browser	2026-09-08T00:23:53.0298183Z ^[[22m^[[39m[GifExporter] Effective duration: 2 s
Test	Run npm run test:browser	2026-09-08T00:23:53.0299380Z ^[[90mstdout^[[2m | src/lib/exporter/gifExporter.browser.test.ts^[[2m > ^[[22m^[[2mGifExporter (real browser)^[[2m > ^[[22m^[[2mexports a valid GIF blob from a real video
Test	Run npm run test:browser	2026-09-08T00:23:53.0300051Z ^[[22m^[[39m[GifExporter] Total frames to export: 30
Test	Run npm run test:browser	2026-09-08T00:23:53.0300868Z ^[[90mstdout^[[2m | src/lib/exporter/gifExporter.browser.test.ts^[[2m > ^[[22m^[[2mGifExporter (real browser)^[[2m > ^[[22m^[[2mexports a valid GIF blob from a real video
Test	Run npm run test:browser	2026-09-08T00:23:53.0301486Z ^[[22m^[[39m[GifExporter] Frame rate: 15 FPS
Test	Run npm run test:browser	2026-09-08T00:23:53.0301996Z ^[[90mstdout^[[2m | src/lib/exporter/gifExporter.browser.test.ts^[[2m > ^[[22m^[[2mGifExporter (real browser)^[[2m > ^[[22m^[[2mexports a valid GIF blob from a real video
Test	Run npm run test:browser	2026-09-08T00:23:53.0302456Z ^[[22m^[[39m[GifExporter] Frame delay: 67 ms
Test	Run npm run test:browser	2026-09-08T00:23:53.0303051Z ^[[90mstdout^[[2m | src/lib/exporter/gifExporter.browser.test.ts^[[2m > ^[[22m^[[2mGifExporter (real browser)^[[2m > ^[[22m^[[2mexports a valid GIF blob from a real video
Test	Run npm run test:browser	2026-09-08T00:23:53.0303552Z ^[[22m^[[39m[GifExporter] Loop: infinite
Test	Run npm run test:browser	2026-09-08T00:23:53.0304141Z ^[[90mstdout^[[2m | src/lib/exporter/gifExporter.browser.test.ts^[[2m > ^[[22m^[[2mGifExporter (real browser)^[[2m > ^[[22m^[[2mexports a valid GIF blob from a real video
Test	Run npm run test:browser	2026-09-08T00:23:53.0304729Z ^[[22m^[[39m[GifExporter] Using streaming decode (web-demuxer + VideoDecoder)
Test	Run npm run test:browser	2026-09-08T00:23:53.0419320Z ^[[90mstdout^[[2m | src/lib/exporter/gifExporter.browser.test.ts^[[2m > ^[[22m^[[2mGifExporter (real browser)^[[2m > ^[[22m^[[2mexports a valid GIF blob from a real video
Test	Run npm run test:browser	2026-09-08T00:23:53.0421099Z ^[[22m^[[39mMP4_BOUNDARY {"module":"streamingDecoder.ts","stage":"demux-config","count":1,"ms":265,"detail":{"codec":"vp09.01.30.08.03.02.02.00.01","codedWidth":640,"codedHeight":480,"rotation":0,"flip":false}}
Test	Run npm run test:browser	2026-09-08T00:23:53.0429833Z ^[[90mstdout^[[2m | src/lib/exporter/gifExporter.browser.test.ts^[[2m > ^[[22m^[[2mGifExporter (real browser)^[[2m > ^[[22m^[[2mexports a valid GIF blob from a real video
Test	Run npm run test:browser	2026-09-08T00:23:53.0435697Z ^[[22m^[[39m[StreamingVideoDecoder] decoderConfig.codec: vp09.01.30.08.03.02.02.00.01
Test	Run npm run test:browser	2026-09-08T00:23:53.0437157Z ^[[90mstdout^[[2m | src/lib/exporter/gifExporter.browser.test.ts^[[2m > ^[[22m^[[2mGifExporter (real browser)^[[2m > ^[[22m^[[2mexports a valid GIF blob from a real video
Test	Run npm run test:browser	2026-09-08T00:23:53.0438417Z ^[[22m^[[39m[StreamingVideoDecoder] decoderConfig.description: undefined
Test	Run npm run test:browser	2026-09-08T00:23:53.0439810Z ^[[90mstdout^[[2m | src/lib/exporter/gifExporter.browser.test.ts^[[2m > ^[[22m^[[2mGifExporter (real browser)^[[2m > ^[[22m^[[2mexports a valid GIF blob from a real video
Test	Run npm run test:browser	2026-09-08T00:23:53.0440894Z ^[[22m^[[39m[StreamingVideoDecoder] isConfigSupported for "vp09.01.30.08.03.02.02.00.01": true
Test	Run npm run test:browser	2026-09-08T00:23:53.0468004Z ^[[90mstdout^[[2m | src/lib/exporter/gifExporter.browser.test.ts^[[2m > ^[[22m^[[2mGifExporter (real browser)^[[2m > ^[[22m^[[2mexports a valid GIF blob from a real video
Test	Run npm run test:browser	2026-09-08T00:23:53.0493201Z ^[[22m^[[39mMP4_BOUNDARY {"module":"streamingDecoder.ts","stage":"decoder-configured","count":1,"ms":266,"detail":{"codec":"vp09.01.30.08.03.02.02.00.01","codedWidth":640,"codedHeight":480,"rotation":0,"flip":false,"hardwareAcceleration":"prefer-software"}}
Test	Run npm run test:browser	2026-09-08T00:23:53.0525891Z ^[[90mstdout^[[2m | src/lib/exporter/gifExporter.browser.test.ts^[[2m > ^[[22m^[[2mGifExporter (real browser)^[[2m > ^[[22m^[[2mexports a valid GIF blob from a real video
Test	Run npm run test:browser	2026-09-08T00:23:53.0534374Z ^[[22m^[[39mMP4_BOUNDARY {"module":"streamingDecoder.ts","stage":"demux-read","count":1,"ms":274,"detail":{"done":false,"timestamp":0}}
Test	Run npm run test:browser	2026-09-08T00:23:53.0535795Z ^[[90mstdout^[[2m | src/lib/exporter/gifExporter.browser.test.ts^[[2m > ^[[22m^[[2mGifExporter (real browser)^[[2m > ^[[22m^[[2mexports a valid GIF blob from a real video
Test	Run npm run test:browser	2026-09-08T00:23:53.0538536Z ^[[22m^[[39mMP4_BOUNDARY {"module":"streamingDecoder.ts","stage":"decoder-feed","count":1,"ms":275,"detail":{"queue":0,"pending":0}}
Test	Run npm run test:browser	2026-09-08T00:23:53.0539712Z ^[[90mstdout^[[2m | src/lib/exporter/gifExporter.browser.test.ts^[[2m > ^[[22m^[[2mGifExporter (real browser)^[[2m > ^[[22m^[[2mexports a valid GIF blob from a real video
Test	Run npm run test:browser	2026-09-08T00:23:53.0540932Z ^[[22m^[[39mMP4_BOUNDARY {"module":"streamingDecoder.ts","stage":"demux-read","count":10,"ms":275,"detail":{"done":false,"timestamp":600000}}
Test	Run npm run test:browser	2026-09-08T00:23:53.0542174Z ^[[90mstdout^[[2m | src/lib/exporter/gifExporter.browser.test.ts^[[2m > ^[[22m^[[2mGifExporter (real browser)^[[2m > ^[[22m^[[2mexports a valid GIF blob from a real video
Test	Run npm run test:browser	2026-09-08T00:23:53.0542962Z ^[[22m^[[39mMP4_BOUNDARY {"module":"streamingDecoder.ts","stage":"decoder-feed","count":10,"ms":275,"detail":{"queue":9,"pending":0}}
Test	Run npm run test:browser	2026-09-08T00:23:53.0553752Z ^[[90mstdout^[[2m | src/lib/exporter/gifExporter.browser.test.ts^[[2m > ^[[22m^[[2mGifExporter (real browser)^[[2m > ^[[22m^[[2mexports a valid GIF blob from a real video
Test	Run npm run test:browser	2026-09-08T00:23:53.0559223Z ^[[22m^[[39mMP4_BOUNDARY {"module":"streamingDecoder.ts","stage":"decoder-output","count":1,"ms":278,"detail":{"timestamp":0}}
Test	Run npm run test:browser	2026-09-08T00:23:53.1872878Z ^[[90mstdout^[[2m | src/lib/exporter/gifExporter.browser.test.ts^[[2m > ^[[22m^[[2mGifExporter (real browser)^[[2m > ^[[22m^[[2mexports a valid GIF blob from a real video
Test	Run npm run test:browser	2026-09-08T00:23:53.1878440Z ^[[22m^[[39mMP4_BOUNDARY {"module":"streamingDecoder.ts","stage":"onFrame-complete","count":1,"ms":410}
Test	Run npm run test:browser	2026-09-08T00:23:53.3964685Z ^[[90mstdout^[[2m | src/lib/exporter/gifExporter.browser.test.ts^[[2m > ^[[22m^[[2mGifExporter (real browser)^[[2m > ^[[22m^[[2mexports a valid GIF blob from a real video
Test	Run npm run test:browser	2026-09-08T00:23:53.3966091Z ^[[22m^[[39mMP4_BOUNDARY {"module":"streamingDecoder.ts","stage":"decoder-output","count":10,"ms":618,"detail":{"timestamp":600000}}
Test	Run npm run test:browser	2026-09-08T00:23:53.4559435Z ^[[90mstdout^[[2m | src/lib/exporter/gifExporter.browser.test.ts^[[2m > ^[[22m^[[2mGifExporter (real browser)^[[2m > ^[[22m^[[2mexports a valid GIF blob from a real video
Test	Run npm run test:browser	2026-09-08T00:23:53.4560460Z ^[[22m^[[39mMP4_BOUNDARY {"module":"streamingDecoder.ts","stage":"onFrame-complete","count":10,"ms":678}
Test	Run npm run test:browser	2026-09-08T00:23:53.6133887Z ^[[90mstdout^[[2m | src/lib/exporter/gifExporter.browser.test.ts^[[2m > ^[[22m^[[2mGifExporter (real browser)^[[2m > ^[[22m^[[2mexports a valid GIF blob from a real video
Test	Run npm run test:browser	2026-09-08T00:23:53.6159578Z ^[[22m^[[39mMP4_BOUNDARY {"module":"streamingDecoder.ts","stage":"demux-read","count":30,"ms":835,"detail":{"done":false,"timestamp":1933000}}
Test	Run npm run test:browser	2026-09-08T00:23:53.6420828Z ^[[90mstdout^[[2m | src/lib/exporter/gifExporter.browser.test.ts^[[2m > ^[[22m^[[2mGifExporter (real browser)^[[2m > ^[[22m^[[2mexports a valid GIF blob from a real video
Test	Run npm run test:browser	2026-09-08T00:23:53.6431842Z ^[[22m^[[39mMP4_BOUNDARY {"module":"streamingDecoder.ts","stage":"decoder-feed","count":30,"ms":865,"detail":{"queue":11,"pending":0}}
Test	Run npm run test:browser	2026-09-08T00:23:53.6439961Z ^[[90mstdout^[[2m | src/lib/exporter/gifExporter.browser.test.ts^[[2m > ^[[22m^[[2mGifExporter (real browser)^[[2m > ^[[22m^[[2mexports a valid GIF blob from a real video
Test	Run npm run test:browser	2026-09-08T00:23:53.6441594Z ^[[22m^[[39mMP4_BOUNDARY {"module":"streamingDecoder.ts","stage":"decoder-flush-start","count":1,"ms":865}
Test	Run npm run test:browser	2026-09-08T00:23:53.9583617Z ^[[90mstdout^[[2m | src/lib/exporter/gifExporter.browser.test.ts^[[2m > ^[[22m^[[2mGifExporter (real browser)^[[2m > ^[[22m^[[2mexports a valid GIF blob from a real video
Test	Run npm run test:browser	2026-09-08T00:23:53.9585880Z ^[[22m^[[39mMP4_BOUNDARY {"module":"streamingDecoder.ts","stage":"decoder-output","count":30,"ms":1181,"detail":{"timestamp":1933000}}
Test	Run npm run test:browser	2026-09-08T00:23:53.9850312Z ^[[90mstdout^[[2m | src/lib/exporter/gifExporter.browser.test.ts^[[2m > ^[[22m^[[2mGifExporter (real browser)^[[2m > ^[[22m^[[2mexports a valid GIF blob from a real video
Test	Run npm run test:browser	2026-09-08T00:23:53.9855882Z ^[[22m^[[39mMP4_BOUNDARY {"module":"streamingDecoder.ts","stage":"decoder-flush-complete","count":1,"ms":1208}
Test	Run npm run test:browser	2026-09-08T00:23:54.0135090Z ^[[90mstdout^[[2m | src/lib/exporter/gifExporter.browser.test.ts^[[2m > ^[[22m^[[2mGifExporter (real browser)^[[2m > ^[[22m^[[2mexports a valid GIF blob from a real video
Test	Run npm run test:browser	2026-09-08T00:23:54.0136312Z ^[[22m^[[39mMP4_BOUNDARY {"module":"streamingDecoder.ts","stage":"onFrame-complete","count":30,"ms":1236}
Test	Run npm run test:browser	2026-09-08T00:23:54.7667193Z ^[[90mstdout^[[2m | src/lib/exporter/gifExporter.browser.test.ts^[[2m > ^[[22m^[[2mGifExporter (real browser)^[[2m > ^[[22m^[[2mexports successfully with an image wallpaper (served by Vite dev server)
Test	Run npm run test:browser	2026-09-08T00:23:54.7668368Z ^[[22m^[[39m[GifExporter] Original duration: 2 s
Test	Run npm run test:browser	2026-09-08T00:23:54.7669548Z ^[[90mstdout^[[2m | src/lib/exporter/gifExporter.browser.test.ts^[[2m > ^[[22m^[[2mGifExporter (real browser)^[[2m > ^[[22m^[[2mexports successfully with an image wallpaper (served by Vite dev server)
Test	Run npm run test:browser	2026-09-08T00:23:54.7670475Z ^[[22m^[[39m[GifExporter] Effective duration: 2 s
Test	Run npm run test:browser	2026-09-08T00:23:54.7688508Z ^[[90mstdout^[[2m | src/lib/exporter/gifExporter.browser.test.ts^[[2m > ^[[22m^[[2mGifExporter (real browser)^[[2m > ^[[22m^[[2mexports successfully with an image wallpaper (served by Vite dev server)
Test	Run npm run test:browser	2026-09-08T00:23:54.7689333Z ^[[22m^[[39m[GifExporter] Total frames to export: 30
Test	Run npm run test:browser	2026-09-08T00:23:54.7690239Z ^[[90mstdout^[[2m | src/lib/exporter/gifExporter.browser.test.ts^[[2m > ^[[22m^[[2mGifExporter (real browser)^[[2m > ^[[22m^[[2mexports successfully with an image wallpaper (served by Vite dev server)
Test	Run npm run test:browser	2026-09-08T00:23:54.7690997Z ^[[22m^[[39m[GifExporter] Frame rate: 15 FPS
Test	Run npm run test:browser	2026-09-08T00:23:54.7691915Z ^[[90mstdout^[[2m | src/lib/exporter/gifExporter.browser.test.ts^[[2m > ^[[22m^[[2mGifExporter (real browser)^[[2m > ^[[22m^[[2mexports successfully with an image wallpaper (served by Vite dev server)
Test	Run npm run test:browser	2026-09-08T00:23:54.7692693Z ^[[22m^[[39m[GifExporter] Frame delay: 67 ms
Test	Run npm run test:browser	2026-09-08T00:23:54.7693619Z ^[[90mstdout^[[2m | src/lib/exporter/gifExporter.browser.test.ts^[[2m > ^[[22m^[[2mGifExporter (real browser)^[[2m > ^[[22m^[[2mexports successfully with an image wallpaper (served by Vite dev server)
Test	Run npm run test:browser	2026-09-08T00:23:54.7694365Z ^[[22m^[[39m[GifExporter] Loop: infinite
Test	Run npm run test:browser	2026-09-08T00:23:54.7709203Z ^[[90mstdout^[[2m | src/lib/exporter/gifExporter.browser.test.ts^[[2m > ^[[22m^[[2mGifExporter (real browser)^[[2m > ^[[22m^[[2mexports successfully with an image wallpaper (served by Vite dev server)
Test	Run npm run test:browser	2026-09-08T00:23:54.7715936Z ^[[22m^[[39m[GifExporter] Using streaming decode (web-demuxer + VideoDecoder)
Test	Run npm run test:browser	2026-09-08T00:23:54.8454441Z ^[[90mstdout^[[2m | src/lib/exporter/gifExporter.browser.test.ts^[[2m > ^[[22m^[[2mGifExporter (real browser)^[[2m > ^[[22m^[[2mexports successfully with an image wallpaper (served by Vite dev server)
Test	Run npm run test:browser	2026-09-08T00:23:54.8455948Z ^[[22m^[[39m[StreamingVideoDecoder] decoderConfig.codec: vp09.01.30.08.03.02.02.00.01
Test	Run npm run test:browser	2026-09-08T00:23:54.8457623Z ^[[90mstdout^[[2m | src/lib/exporter/gifExporter.browser.test.ts^[[2m > ^[[22m^[[2mGifExporter (real browser)^[[2m > ^[[22m^[[2mexports successfully with an image wallpaper (served by Vite dev server)
Test	Run npm run test:browser	2026-09-08T00:23:54.8482750Z ^[[22m^[[39m[StreamingVideoDecoder] decoderConfig.description: undefined
Test	Run npm run test:browser	2026-09-08T00:23:54.8548959Z ^[[90mstdout^[[2m | src/lib/exporter/gifExporter.browser.test.ts^[[2m > ^[[22m^[[2mGifExporter (real browser)^[[2m > ^[[22m^[[2mexports successfully with an image wallpaper (served by Vite dev server)
Test	Run npm run test:browser	2026-09-08T00:23:54.8562717Z ^[[22m^[[39m[StreamingVideoDecoder] isConfigSupported for "vp09.01.30.08.03.02.02.00.01": true
Test	Run npm run test:browser	2026-09-08T00:23:55.3511388Z ^[[90mstdout^[[2m | src/lib/exporter/gifExporter.browser.test.ts^[[2m > ^[[22m^[[2mGifExporter (real browser)^[[2m > ^[[22m^[[2mexports successfully with an image wallpaper (served by Vite dev server)
Test	Run npm run test:browser	2026-09-08T00:23:55.3519110Z ^[[22m^[[39mMP4_BOUNDARY {"module":"streamingDecoder.ts","stage":"demux-read","count":60,"ms":2571,"detail":{"done":false,"timestamp":1867000}}
Test	Run npm run test:browser	2026-09-08T00:23:55.4059601Z ^[[90mstdout^[[2m | src/lib/exporter/gifExporter.browser.test.ts^[[2m > ^[[22m^[[2mGifExporter (real browser)^[[2m > ^[[22m^[[2mexports successfully with an image wallpaper (served by Vite dev server)
Test	Run npm run test:browser	2026-09-08T00:23:55.4062008Z ^[[22m^[[39mMP4_BOUNDARY {"module":"streamingDecoder.ts","stage":"decoder-feed","count":60,"ms":2628,"detail":{"queue":11,"pending":0}}
Test	Run npm run test:browser	2026-09-08T00:23:55.6938609Z ^[[90mstdout^[[2m | src/lib/exporter/gifExporter.browser.test.ts^[[2m > ^[[22m^[[2mGifExporter (real browser)^[[2m > ^[[22m^[[2mexports successfully with an image wallpaper (served by Vite dev server)
Test	Run npm run test:browser	2026-09-08T00:23:55.6946629Z ^[[22m^[[39mMP4_BOUNDARY {"module":"streamingDecoder.ts","stage":"decoder-output","count":60,"ms":2914,"detail":{"timestamp":1933000}}
Test	Run npm run test:browser	2026-09-08T00:23:55.7440285Z ^[[90mstdout^[[2m | src/lib/exporter/gifExporter.browser.test.ts^[[2m > ^[[22m^[[2mGifExporter (real browser)^[[2m > ^[[22m^[[2mexports successfully with an image wallpaper (served by Vite dev server)
Test	Run npm run test:browser	2026-09-08T00:23:55.7454328Z ^[[22m^[[39mMP4_BOUNDARY {"module":"streamingDecoder.ts","stage":"onFrame-complete","count":60,"ms":2966}
Test	Run npm run test:browser	2026-09-08T00:23:56.6868781Z  ^[[32m✓^[[39m ^[[30m^[[43m chromium ^[[49m^[[39m src/lib/exporter/gifExporter.browser.test.ts ^[[2m(^[[22m^[[2m3 tests^[[22m^[[2m)^[[22m^[[33m 3643^[[2mms^[[22m^[[39m
Test	Run npm run test:browser	2026-09-08T00:23:56.6913559Z      ^[[33m^[[2m✓^[[22m^[[39m exports a valid GIF blob from a real video ^[[33m 1776^[[2mms^[[22m^[[39m
Test	Run npm run test:browser	2026-09-08T00:23:56.6914385Z      ^[[33m^[[2m✓^[[22m^[[39m exports successfully with an image wallpaper (served by Vite dev server) ^[[33m 1777^[[2mms^[[22m^[[39m
Test	Run npm run test:browser	2026-09-08T00:23:57.7482434Z ^[[90mstderr^[[2m | src/lib/exporter/videoExporter.browser.test.ts^[[2m > ^[[22m^[[2mVideoExporter (real browser)^[[2m > ^[[22m^[[2mexports a valid MP4 blob from a real video
Test	Run npm run test:browser	2026-09-08T00:23:57.7485565Z ^[[22m^[[39mFailed to get platform from Electron, falling back to navigator: [TypeError: Cannot read properties of undefined (reading 'getPlatform')]
Test	Run npm run test:browser	2026-09-08T00:23:57.7508231Z ^[[90mstdout^[[2m | src/lib/exporter/videoExporter.browser.test.ts^[[2m > ^[[22m^[[2mVideoExporter (real browser)^[[2m > ^[[22m^[[2mexports a valid MP4 blob from a real video
Test	Run npm run test:browser	2026-09-08T00:23:57.7509676Z ^[[22m^[[39mMP4_BOUNDARY {"module":"streamingDecoder.ts","stage":"source-loaded","count":1,"ms":525,"detail":{"bytes":23869}}
Test	Run npm run test:browser	2026-09-08T00:23:57.7511941Z ^[[90mstdout^[[2m | src/lib/exporter/videoExporter.browser.test.ts^[[2m > ^[[22m^[[2mVideoExporter (real browser)^[[2m > ^[[22m^[[2mexports a valid MP4 blob from a real video
Test	Run npm run test:browser	2026-09-08T00:23:57.7514529Z ^[[22m^[[39mMP4_BOUNDARY {"module":"streamingDecoder.ts","stage":"demux-init","count":1,"ms":525}
Test	Run npm run test:browser	2026-09-08T00:23:57.9058851Z ^[[90mstdout^[[2m | src/lib/exporter/videoExporter.browser.test.ts^[[2m > ^[[22m^[[2mVideoExporter (real browser)^[[2m > ^[[22m^[[2mexports a valid MP4 blob from a real video
Test	Run npm run test:browser	2026-09-08T00:23:57.9059705Z ^[[22m^[[39m[VideoExporter] source-copy fast path disabled {
Test	Run npm run test:browser	2026-09-08T00:23:57.9060110Z   "blockers": [
Test	Run npm run test:browser	2026-09-08T00:23:57.9060658Z     "output-size 320x180 differs from source 640x480",
Test	Run npm run test:browser	2026-09-08T00:23:57.9061134Z   ],
Test	Run npm run test:browser	2026-09-08T00:23:57.9061428Z   "output": {
Test	Run npm run test:browser	2026-09-08T00:23:57.9061753Z     "height": 180,
Test	Run npm run test:browser	2026-09-08T00:23:57.9062080Z     "width": 320,
Test	Run npm run test:browser	2026-09-08T00:23:57.9062400Z   },
Test	Run npm run test:browser	2026-09-08T00:23:57.9062710Z   "source": {
Test	Run npm run test:browser	2026-09-08T00:23:57.9063089Z     "audioCodec": undefined,
Test	Run npm run test:browser	2026-09-08T00:23:57.9063488Z     "codec": "vp09.01.30.08.03.02.02.00.01",
Test	Run npm run test:browser	2026-09-08T00:23:57.9063906Z     "duration": 2,
Test	Run npm run test:browser	2026-09-08T00:23:57.9064229Z     "frameRate": 15,
Test	Run npm run test:browser	2026-09-08T00:23:57.9064563Z     "hasAudio": false,
Test	Run npm run test:browser	2026-09-08T00:23:57.9064893Z     "height": 480,
Test	Run npm run test:browser	2026-09-08T00:23:57.9065224Z     "streamDuration": 2,
Test	Run npm run test:browser	2026-09-08T00:23:57.9065568Z     "width": 640,
Test	Run npm run test:browser	2026-09-08T00:23:57.9065880Z   },
Test	Run npm run test:browser	2026-09-08T00:23:57.9066245Z }
Test	Run npm run test:browser	2026-09-08T00:23:57.9548999Z ^[[90mstderr^[[2m | src/lib/exporter/videoExporter.browser.test.ts^[[2m > ^[[22m^[[2mVideoExporter (real browser)^[[2m > ^[[22m^[[2mexports a valid MP4 blob from a real video
Test	Run npm run test:browser	2026-09-08T00:23:57.9550920Z ^[[22m^[[39m    at FrameRenderer.initialize (http://localhost:63315/src/lib/exporter/frameRenderer.ts:135:26)
Test	Run npm run test:browser	2026-09-08T00:23:57.9577998Z     at async VideoExporter.exportWithEncoderPreference (http://localhost:63315/src/lib/exporter/videoExporter.ts:210:7)
Test	Run npm run test:browser	2026-09-08T00:23:57.9607816Z     at async VideoExporter.export (http://localhost:63315/src/lib/exporter/videoExporter.ts:111:16)
Test	Run npm run test:browser	2026-09-08T00:23:57.9638013Z     at async http://localhost:63315/home/runner/work/showhow/showhow/src/lib/exporter/videoExporter.browser.test.ts?import&browserv=1788827037574:22:20
Test	Run npm run test:browser	2026-09-08T00:23:57.9639523Z ^[[90mstdout^[[2m | src/lib/exporter/videoExporter.browser.test.ts^[[2m > ^[[22m^[[2mVideoExporter (real browser)^[[2m > ^[[22m^[[2mexports a valid MP4 blob from a real video
Test	Run npm run test:browser	2026-09-08T00:23:57.9640650Z     at async http://localhost:63315/node_modules/@vitest/runner/dist/chunk-artifact.js?v=01507b9c:1903:20
Test	Run npm run test:browser	2026-09-08T00:23:57.9688324Z ^[[22m^[[39mMP4_BOUNDARY {"module":"videoExporter.ts","stage":"renderer-initialized","count":1,"ms":736}
Test	Run npm run test:browser	2026-09-08T00:23:57.9690106Z ^[[90mstderr^[[2m | src/lib/exporter/videoExporter.browser.test.ts^[[2m > ^[[22m^[[2mVideoExporter (real browser)^[[2m > ^[[22m^[[2mexports a valid MP4 blob from a real video
Test	Run npm run test:browser	2026-09-08T00:23:57.9691346Z ^[[22m^[[39m    at FrameRenderer.initialize (http://localhost:63315/src/lib/exporter/frameRenderer.ts:136:29)
Test	Run npm run test:browser	2026-09-08T00:23:57.9692348Z     at async VideoExporter.exportWithEncoderPreference (http://localhost:63315/src/lib/exporter/videoExporter.ts:210:7)
Test	Run npm run test:browser	2026-09-08T00:23:57.9700535Z     at async VideoExporter.export (http://localhost:63315/src/lib/exporter/videoExporter.ts:111:16)
Test	Run npm run test:browser	2026-09-08T00:23:57.9701629Z     at async http://localhost:63315/home/runner/work/showhow/showhow/src/lib/exporter/videoExporter.browser.test.ts?import&browserv=1788827037574:22:20
Test	Run npm run test:browser	2026-09-08T00:23:57.9702662Z     at async http://localhost:63315/node_modules/@vitest/runner/dist/chunk-artifact.js?v=01507b9c:1903:20
Test	Run npm run test:browser	2026-09-08T00:23:57.9704131Z ^[[90mstderr^[[2m | src/lib/exporter/videoExporter.browser.test.ts^[[2m > ^[[22m^[[2mVideoExporter (real browser)^[[2m > ^[[22m^[[2mexports a valid MP4 blob from a real video
Test	Run npm run test:browser	2026-09-08T00:23:57.9705754Z ^[[22m^[[39m[VideoExporter] prefer-hardware export attempt failed: [Error: Hardware video encoding is not supported on this system.]
Test	Run npm run test:browser	2026-09-08T00:23:58.1387474Z ^[[90mstdout^[[2m | src/lib/exporter/videoExporter.browser.test.ts^[[2m > ^[[22m^[[2mVideoExporter (real browser)^[[2m > ^[[22m^[[2mexports a valid MP4 blob from a real video
Test	Run npm run test:browser	2026-09-08T00:23:58.1388501Z ^[[22m^[[39m[VideoExporter] source-copy fast path disabled {
Test	Run npm run test:browser	2026-09-08T00:23:58.1389313Z   "blockers": [
Test	Run npm run test:browser	2026-09-08T00:23:58.1389737Z     "output-size 320x180 differs from source 640x480",
Test	Run npm run test:browser	2026-09-08T00:23:58.1390119Z   ],
Test	Run npm run test:browser	2026-09-08T00:23:58.1390403Z   "output": {
Test	Run npm run test:browser	2026-09-08T00:23:58.1390694Z     "height": 180,
Test	Run npm run test:browser	2026-09-08T00:23:58.1390994Z     "width": 320,
Test	Run npm run test:browser	2026-09-08T00:23:58.1391282Z   },
Test	Run npm run test:browser	2026-09-08T00:23:58.1391562Z   "source": {
Test	Run npm run test:browser	2026-09-08T00:23:58.1391864Z     "audioCodec": undefined,
Test	Run npm run test:browser	2026-09-08T00:23:58.1392235Z     "codec": "vp09.01.30.08.03.02.02.00.01",
Test	Run npm run test:browser	2026-09-08T00:23:58.1392596Z     "duration": 2,
Test	Run npm run test:browser	2026-09-08T00:23:58.1392892Z     "frameRate": 15,
Test	Run npm run test:browser	2026-09-08T00:23:58.1393203Z     "hasAudio": false,
Test	Run npm run test:browser	2026-09-08T00:23:58.1393507Z     "height": 480,
Test	Run npm run test:browser	2026-09-08T00:23:58.1393806Z     "streamDuration": 2,
Test	Run npm run test:browser	2026-09-08T00:23:58.1394122Z     "width": 640,
Test	Run npm run test:browser	2026-09-08T00:23:58.1394407Z   },
Test	Run npm run test:browser	2026-09-08T00:23:58.1394682Z }
Test	Run npm run test:browser	2026-09-08T00:23:58.1801721Z ^[[90mstdout^[[2m | src/lib/exporter/videoExporter.browser.test.ts^[[2m > ^[[22m^[[2mVideoExporter (real browser)^[[2m > ^[[22m^[[2mexports a valid MP4 blob from a real video
Test	Run npm run test:browser	2026-09-08T00:23:58.1845444Z ^[[22m^[[39m[VideoExporter] Using software acceleration
Test	Run npm run test:browser	2026-09-08T00:23:58.1878106Z ^[[90mstdout^[[2m | src/lib/exporter/videoExporter.browser.test.ts^[[2m > ^[[22m^[[2mVideoExporter (real browser)^[[2m > ^[[22m^[[2mexports a valid MP4 blob from a real video
Test	Run npm run test:browser	2026-09-08T00:23:58.1879684Z ^[[22m^[[39mMP4_BOUNDARY {"module":"videoExporter.ts","stage":"encoder-initialized","count":1,"ms":950,"detail":{"encoderPreference":"prefer-software"}}
Test	Run npm run test:browser	2026-09-08T00:23:58.1908290Z ^[[90mstdout^[[2m | src/lib/exporter/videoExporter.browser.test.ts^[[2m > ^[[22m^[[2mVideoExporter (real browser)^[[2m > ^[[22m^[[2mexports a valid MP4 blob from a real video
Test	Run npm run test:browser	2026-09-08T00:23:58.1937624Z ^[[22m^[[39mMP4_BOUNDARY {"module":"videoExporter.ts","stage":"mux-initialized","count":1,"ms":954}
Test	Run npm run test:browser	2026-09-08T00:23:58.2070747Z ^[[90mstdout^[[2m | src/lib/exporter/videoExporter.browser.test.ts^[[2m > ^[[22m^[[2mVideoExporter (real browser)^[[2m > ^[[22m^[[2mexports a valid MP4 blob from a real video
Test	Run npm run test:browser	2026-09-08T00:23:58.2078122Z ^[[22m^[[39mMP4_BOUNDARY {"module":"streamingDecoder.ts","stage":"demux-config","count":1,"ms":979,"detail":{"codec":"vp09.01.30.08.03.02.02.00.01","codedWidth":640,"codedHeight":480,"rotation":0,"flip":false}}
Test	Run npm run test:browser	2026-09-08T00:23:58.2127877Z ^[[90mstdout^[[2m | src/lib/exporter/videoExporter.browser.test.ts^[[2m > ^[[22m^[[2mVideoExporter (real browser)^[[2m > ^[[22m^[[2mexports a valid MP4 blob from a real video
Test	Run npm run test:browser	2026-09-08T00:23:58.2132803Z ^[[22m^[[39m[StreamingVideoDecoder] decoderConfig.codec: vp09.01.30.08.03.02.02.00.01
Test	Run npm run test:browser	2026-09-08T00:23:58.2164819Z ^[[90mstdout^[[2m | src/lib/exporter/videoExporter.browser.test.ts^[[2m > ^[[22m^[[2mVideoExporter (real browser)^[[2m > ^[[22m^[[2mexports a valid MP4 blob from a real video
Test	Run npm run test:browser	2026-09-08T00:23:58.2201410Z ^[[22m^[[39m[StreamingVideoDecoder] decoderConfig.description: undefined
Test	Run npm run test:browser	2026-09-08T00:23:58.2227913Z ^[[90mstdout^[[2m | src/lib/exporter/videoExporter.browser.test.ts^[[2m > ^[[22m^[[2mVideoExporter (real browser)^[[2m > ^[[22m^[[2mexports a valid MP4 blob from a real video
Test	Run npm run test:browser	2026-09-08T00:23:58.2240994Z ^[[22m^[[39m[StreamingVideoDecoder] isConfigSupported for "vp09.01.30.08.03.02.02.00.01": true
Test	Run npm run test:browser	2026-09-08T00:23:58.2243253Z ^[[90mstdout^[[2m | src/lib/exporter/videoExporter.browser.test.ts^[[2m > ^[[22m^[[2mVideoExporter (real browser)^[[2m > ^[[22m^[[2mexports a valid MP4 blob from a real video
Test	Run npm run test:browser	2026-09-08T00:23:58.2246580Z ^[[22m^[[39mMP4_BOUNDARY {"module":"streamingDecoder.ts","stage":"decoder-configured","count":1,"ms":980,"detail":{"codec":"vp09.01.30.08.03.02.02.00.01","codedWidth":640,"codedHeight":480,"rotation":0,"flip":false,"hardwareAcceleration":"prefer-software"}}
Test	Run npm run test:browser	2026-09-08T00:23:58.2629629Z ^[[90mstdout^[[2m | src/lib/exporter/videoExporter.browser.test.ts^[[2m > ^[[22m^[[2mVideoExporter (real browser)^[[2m > ^[[22m^[[2mexports a valid MP4 blob from a real video
Test	Run npm run test:browser	2026-09-08T00:23:58.2668164Z ^[[22m^[[39mMP4_BOUNDARY {"module":"streamingDecoder.ts","stage":"demux-read","count":1,"ms":1036,"detail":{"done":false,"timestamp":0}}
Test	Run npm run test:browser	2026-09-08T00:23:58.2688478Z ^[[90mstdout^[[2m | src/lib/exporter/videoExporter.browser.test.ts^[[2m > ^[[22m^[[2mVideoExporter (real browser)^[[2m > ^[[22m^[[2mexports a valid MP4 blob from a real video
Test	Run npm run test:browser	2026-09-08T00:23:58.2728872Z ^[[22m^[[39mMP4_BOUNDARY {"module":"streamingDecoder.ts","stage":"decoder-feed","count":1,"ms":1037,"detail":{"queue":0,"pending":0}}
Test	Run npm run test:browser	2026-09-08T00:23:58.2908959Z ^[[90mstdout^[[2m | src/lib/exporter/videoExporter.browser.test.ts^[[2m > ^[[22m^[[2mVideoExporter (real browser)^[[2m > ^[[22m^[[2mexports a valid MP4 blob from a real video
Test	Run npm run test:browser	2026-09-08T00:23:58.2965418Z ^[[22m^[[39mMP4_BOUNDARY {"module":"streamingDecoder.ts","stage":"demux-read","count":10,"ms":1054,"detail":{"done":false,"timestamp":600000}}
Test	Run npm run test:browser	2026-09-08T00:23:58.2978604Z ^[[90mstdout^[[2m | src/lib/exporter/videoExporter.browser.test.ts^[[2m > ^[[22m^[[2mVideoExporter (real browser)^[[2m > ^[[22m^[[2mexports a valid MP4 blob from a real video
Test	Run npm run test:browser	2026-09-08T00:23:58.2979966Z ^[[22m^[[39mMP4_BOUNDARY {"module":"streamingDecoder.ts","stage":"decoder-feed","count":10,"ms":1054,"detail":{"queue":9,"pending":0}}
Test	Run npm run test:browser	2026-09-08T00:23:58.2981240Z ^[[90mstdout^[[2m | src/lib/exporter/videoExporter.browser.test.ts^[[2m > ^[[22m^[[2mVideoExporter (real browser)^[[2m > ^[[22m^[[2mexports a valid MP4 blob from a real video
Test	Run npm run test:browser	2026-09-08T00:23:58.2982450Z ^[[22m^[[39mMP4_BOUNDARY {"module":"streamingDecoder.ts","stage":"decoder-output","count":1,"ms":1060,"detail":{"timestamp":0}}
Test	Run npm run test:browser	2026-09-08T00:23:58.3053069Z ^[[90mstdout^[[2m | src/lib/exporter/videoExporter.browser.test.ts^[[2m > ^[[22m^[[2mVideoExporter (real browser)^[[2m > ^[[22m^[[2mexports a valid MP4 blob from a real video
Test	Run npm run test:browser	2026-09-08T00:23:58.3077980Z ^[[22m^[[39mMP4_BOUNDARY {"module":"videoExporter.ts","stage":"onFrame-start","count":1,"ms":1067,"detail":{"sourceTimestampMs":0}}
Test	Run npm run test:browser	2026-09-08T00:23:58.5299773Z ^[[90mstdout^[[2m | src/lib/exporter/videoExporter.browser.test.ts^[[2m > ^[[22m^[[2mVideoExporter (real browser)^[[2m > ^[[22m^[[2mexports a valid MP4 blob from a real video
Test	Run npm run test:browser	2026-09-08T00:23:58.5301405Z ^[[22m^[[39mMP4_BOUNDARY {"module":"videoExporter.ts","stage":"render-complete","count":1,"ms":1304}
Test	Run npm run test:browser	2026-09-08T00:23:58.5379648Z ^[[90mstdout^[[2m | src/lib/exporter/videoExporter.browser.test.ts^[[2m > ^[[22m^[[2mVideoExporter (real browser)^[[2m > ^[[22m^[[2mexports a valid MP4 blob from a real video
Test	Run npm run test:browser	2026-09-08T00:23:58.5418065Z ^[[22m^[[39mMP4_BOUNDARY {"module":"videoExporter.ts","stage":"encoder-feed","count":1,"ms":1311,"detail":{"queue":0}}
Test	Run npm run test:browser	2026-09-08T00:23:58.5448242Z ^[[90mstdout^[[2m | src/lib/exporter/videoExporter.browser.test.ts^[[2m > ^[[22m^[[2mVideoExporter (real browser)^[[2m > ^[[22m^[[2mexports a valid MP4 blob from a real video
Test	Run npm run test:browser	2026-09-08T00:23:58.5479280Z ^[[22m^[[39mMP4_BOUNDARY {"module":"streamingDecoder.ts","stage":"onFrame-complete","count":1,"ms":1311}
Test	Run npm run test:browser	2026-09-08T00:23:59.1299115Z ^[[90mstdout^[[2m | src/lib/exporter/videoExporter.browser.test.ts^[[2m > ^[[22m^[[2mVideoExporter (real browser)^[[2m > ^[[22m^[[2mexports a valid MP4 blob from a real video
Test	Run npm run test:browser	2026-09-08T00:23:59.1338226Z ^[[22m^[[39mMP4_BOUNDARY {"module":"streamingDecoder.ts","stage":"decoder-output","count":10,"ms":1899,"detail":{"timestamp":600000}}
Test	Run npm run test:browser	2026-09-08T00:23:59.1430029Z ^[[2m12:23:59 AM^[[22m ^[[36m^[[1m[vite]^[[22m^[[39m ^[[90m^[[2m(client)^[[22m^[[39m ^[[32m✨ new dependencies optimized: ^[[33mreact/jsx-dev-runtime, react, react-dom/client, @tiptap/react, @tiptap/starter-kit, @radix-ui/react-tooltip, react-icons/md, lucide-react, react-dom, react-icons/bs, react-icons/fa, react-icons/fa6, react-icons/fi, react-icons/rx, sonner, @radix-ui/react-tabs, @radix-ui/react-slot, class-variance-authority, clsx, tailwind-merge, @fix-webm-duration/fix^[[32m^[[39m
Test	Run npm run test:browser	2026-09-08T00:23:59.1437762Z ^[[2m12:23:59 AM^[[22m ^[[36m^[[1m[vite]^[[22m^[[39m ^[[90m^[[2m(client)^[[22m^[[39m ^[[32m✨ optimized dependencies changed. reloading^[[39m
Test	Run npm run test:browser	2026-09-08T00:23:59.1444316Z ^[[33m
Test	Run npm run test:browser	2026-09-08T00:23:59.1445222Z ^[[1m[vitest]^[[22m Vite unexpectedly reloaded a test. This may cause tests to fail, lead to flaky behaviour or duplicated test runs.
Test	Run npm run test:browser	2026-09-08T00:23:59.1478152Z ^[[39m^[[33mFor a stable experience, please add mentioned dependencies to your config's ^[[1m`optimizeDeps.include`^[[22m field manually.
Test	Run npm run test:browser	2026-09-08T00:23:59.1485035Z 
Test	Run npm run test:browser	2026-09-08T00:23:59.1487427Z ^[[39m
Test	Run npm run test:browser	2026-09-08T00:23:59.1951220Z ^[[90mstdout^[[2m | src/lib/exporter/videoExporter.browser.test.ts^[[2m > ^[[22m^[[2mVideoExporter (real browser)^[[2m > ^[[22m^[[2mexports a valid MP4 blob from a real video
Test	Run npm run test:browser	2026-09-08T00:23:59.1960042Z ^[[22m^[[39mMP4_BOUNDARY {"module":"videoExporter.ts","stage":"onFrame-start","count":10,"ms":1952,"detail":{"sourceTimestampMs":600}}
Test	Run npm run test:browser	2026-09-08T00:23:59.2737150Z ^[[90mstdout^[[2m | src/lib/exporter/videoExporter.browser.test.ts^[[2m > ^[[22m^[[2mVideoExporter (real browser)^[[2m > ^[[22m^[[2mexports a valid MP4 blob from a real video
Test	Run npm run test:browser	2026-09-08T00:23:59.2743088Z ^[[22m^[[39mMP4_BOUNDARY {"module":"videoExporter.ts","stage":"render-complete","count":10,"ms":1980}
Test	Run npm run test:browser	2026-09-08T00:23:59.2744355Z ^[[90mstdout^[[2m | src/lib/exporter/videoExporter.browser.test.ts^[[2m > ^[[22m^[[2mVideoExporter (real browser)^[[2m > ^[[22m^[[2mexports a valid MP4 blob from a real video
Test	Run npm run test:browser	2026-09-08T00:23:59.2745561Z ^[[22m^[[39mMP4_BOUNDARY {"module":"videoExporter.ts","stage":"encoder-feed","count":10,"ms":1984,"detail":{"queue":0}}
Test	Run npm run test:browser	2026-09-08T00:23:59.2746657Z ^[[90mstdout^[[2m | src/lib/exporter/videoExporter.browser.test.ts^[[2m > ^[[22m^[[2mVideoExporter (real browser)^[[2m > ^[[22m^[[2mexports a valid MP4 blob from a real video
Test	Run npm run test:browser	2026-09-08T00:23:59.3951026Z ^[[22m^[[39mMP4_BOUNDARY {"module":"streamingDecoder.ts","stage":"onFrame-complete","count":10,"ms":1984}
Test	Run npm run test:browser	2026-09-08T00:23:59.3953424Z ^[[90mstdout^[[2m | src/lib/exporter/videoExporter.browser.test.ts^[[2m > ^[[22m^[[2mVideoExporter (real browser)^[[2m > ^[[22m^[[2mexports a valid MP4 blob from a real video
Test	Run npm run test:browser	2026-09-08T00:23:59.3955071Z ^[[22m^[[39mMP4_BOUNDARY {"module":"streamingDecoder.ts","stage":"demux-read","count":30,"ms":2170,"detail":{"done":false,"timestamp":1933000}}
Test	Run npm run test:browser	2026-09-08T00:23:59.4175637Z ^[[90mstdout^[[2m | src/lib/exporter/videoExporter.browser.test.ts^[[2m > ^[[22m^[[2mVideoExporter (real browser)^[[2m > ^[[22m^[[2mexports a valid MP4 blob from a real video
Test	Run npm run test:browser	2026-09-08T00:23:59.4178013Z ^[[22m^[[39mMP4_BOUNDARY {"module":"streamingDecoder.ts","stage":"decoder-feed","count":30,"ms":2192,"detail":{"queue":11,"pending":0}}
Test	Run npm run test:browser	2026-09-08T00:23:59.4179392Z ^[[90mstdout^[[2m | src/lib/exporter/videoExporter.browser.test.ts^[[2m > ^[[22m^[[2mVideoExporter (real browser)^[[2m > ^[[22m^[[2mexports a valid MP4 blob from a real video
Test	Run npm run test:browser	2026-09-08T00:23:59.4180319Z ^[[22m^[[39mMP4_BOUNDARY {"module":"streamingDecoder.ts","stage":"decoder-flush-start","count":1,"ms":2192}
Test	Run npm run test:browser	2026-09-08T00:23:59.7260199Z ^[[90mstdout^[[2m | src/lib/exporter/videoExporter.browser.test.ts^[[2m > ^[[22m^[[2mVideoExporter (real browser)^[[2m > ^[[22m^[[2mexports a valid MP4 blob from a real video
Test	Run npm run test:browser	2026-09-08T00:23:59.7261562Z ^[[22m^[[39mMP4_BOUNDARY {"module":"streamingDecoder.ts","stage":"decoder-output","count":30,"ms":2500,"detail":{"timestamp":1933000}}
Test	Run npm run test:browser	2026-09-08T00:23:59.7575695Z ^[[90mstdout^[[2m | src/lib/exporter/videoExporter.browser.test.ts^[[2m > ^[[22m^[[2mVideoExporter (real browser)^[[2m > ^[[22m^[[2mexports a valid MP4 blob from a real video
Test	Run npm run test:browser	2026-09-08T00:23:59.7580413Z ^[[22m^[[39mMP4_BOUNDARY {"module":"streamingDecoder.ts","stage":"decoder-flush-complete","count":1,"ms":2531}
Test	Run npm run test:browser	2026-09-08T00:23:59.7584479Z ^[[90mstdout^[[2m | src/lib/exporter/videoExporter.browser.test.ts^[[2m > ^[[22m^[[2mVideoExporter (real browser)^[[2m > ^[[22m^[[2mexports a valid MP4 blob from a real video
Test	Run npm run test:browser	2026-09-08T00:23:59.7585978Z ^[[22m^[[39mMP4_BOUNDARY {"module":"videoExporter.ts","stage":"onFrame-start","count":30,"ms":2531,"detail":{"sourceTimestampMs":1933.3333333333333}}
Test	Run npm run test:browser	2026-09-08T00:23:59.7758533Z ^[[90mstdout^[[2m | src/lib/exporter/videoExporter.browser.test.ts^[[2m > ^[[22m^[[2mVideoExporter (real browser)^[[2m > ^[[22m^[[2mexports a valid MP4 blob from a real video
Test	Run npm run test:browser	2026-09-08T00:23:59.7759575Z ^[[22m^[[39mMP4_BOUNDARY {"module":"videoExporter.ts","stage":"render-complete","count":30,"ms":2550}
Test	Run npm run test:browser	2026-09-08T00:23:59.7804249Z ^[[90mstdout^[[2m | src/lib/exporter/videoExporter.browser.test.ts^[[2m > ^[[22m^[[2mVideoExporter (real browser)^[[2m > ^[[22m^[[2mexports a valid MP4 blob from a real video
Test	Run npm run test:browser	2026-09-08T00:23:59.7805419Z ^[[22m^[[39mMP4_BOUNDARY {"module":"videoExporter.ts","stage":"encoder-feed","count":30,"ms":2553,"detail":{"queue":0}}
Test	Run npm run test:browser	2026-09-08T00:23:59.7806635Z ^[[90mstdout^[[2m | src/lib/exporter/videoExporter.browser.test.ts^[[2m > ^[[22m^[[2mVideoExporter (real browser)^[[2m > ^[[22m^[[2mexports a valid MP4 blob from a real video
Test	Run npm run test:browser	2026-09-08T00:23:59.7807837Z ^[[22m^[[39mMP4_BOUNDARY {"module":"streamingDecoder.ts","stage":"onFrame-complete","count":30,"ms":2553}
Test	Run npm run test:browser	2026-09-08T00:23:59.7808434Z ^[[90mstdout^[[2m | src/lib/exporter/videoExporter.browser.test.ts^[[2m > ^[[22m^[[2mVideoExporter (real browser)^[[2m > ^[[22m^[[2mexports a valid MP4 blob from a real video
Test	Run npm run test:browser	2026-09-08T00:23:59.7809139Z ^[[22m^[[39mMP4_BOUNDARY {"module":"videoExporter.ts","stage":"encoder-flush-start","count":1,"ms":2553}
Test	Run npm run test:browser	2026-09-08T00:23:59.7809944Z ^[[90mstdout^[[2m | src/lib/exporter/videoExporter.browser.test.ts^[[2m > ^[[22m^[[2mVideoExporter (real browser)^[[2m > ^[[22m^[[2mexports a valid MP4 blob from a real video
Test	Run npm run test:browser	2026-09-08T00:23:59.7810917Z ^[[22m^[[39mMP4_BOUNDARY {"module":"videoExporter.ts","stage":"encoder-flush-and-pending-mux-complete","count":1,"ms":2554}
Test	Run npm run test:browser	2026-09-08T00:23:59.7811930Z ^[[90mstdout^[[2m | src/lib/exporter/videoExporter.browser.test.ts^[[2m > ^[[22m^[[2mVideoExporter (real browser)^[[2m > ^[[22m^[[2mexports a valid MP4 blob from a real video
Test	Run npm run test:browser	2026-09-08T00:23:59.7824540Z ^[[22m^[[39mMP4_BOUNDARY {"module":"videoExporter.ts","stage":"mux-finalized","count":1,"ms":2556,"detail":{"bytes":22807}}
Test	Run npm run test:browser	2026-09-08T00:23:59.8597621Z ^[[90mstdout^[[2m | src/lib/exporter/videoExporter.browser.test.ts^[[2m > ^[[22m^[[2mVideoExporter (real browser)^[[2m > ^[[22m^[[2mexports successfully with an image wallpaper (served by Vite dev server)
Test	Run npm run test:browser	2026-09-08T00:23:59.8599868Z ^[[22m^[[39m[VideoExporter] source-copy fast path disabled {
Test	Run npm run test:browser	2026-09-08T00:23:59.8600389Z   "blockers": [
Test	Run npm run test:browser	2026-09-08T00:23:59.8600762Z     "output-size 320x180 differs from source 640x480",
Test	Run npm run test:browser	2026-09-08T00:23:59.8601483Z   ],
Test	Run npm run test:browser	2026-09-08T00:23:59.8601779Z   "output": {
Test	Run npm run test:browser	2026-09-08T00:23:59.8602066Z     "height": 180,
Test	Run npm run test:browser	2026-09-08T00:23:59.8602362Z     "width": 320,
Test	Run npm run test:browser	2026-09-08T00:23:59.8602716Z   },
Test	Run npm run test:browser	2026-09-08T00:23:59.8603091Z   "source": {
Test	Run npm run test:browser	2026-09-08T00:23:59.8603501Z     "audioCodec": undefined,
Test	Run npm run test:browser	2026-09-08T00:23:59.8604072Z     "codec": "vp09.01.30.08.03.02.02.00.01",
Test	Run npm run test:browser	2026-09-08T00:23:59.8604471Z     "duration": 2,
Test	Run npm run test:browser	2026-09-08T00:23:59.8604728Z     "frameRate": 15,
Test	Run npm run test:browser	2026-09-08T00:23:59.8604982Z     "hasAudio": false,
Test	Run npm run test:browser	2026-09-08T00:23:59.8605248Z     "height": 480,
Test	Run npm run test:browser	2026-09-08T00:23:59.8605486Z     "streamDuration": 2,
Test	Run npm run test:browser	2026-09-08T00:23:59.8605662Z     "width": 640,
Test	Run npm run test:browser	2026-09-08T00:23:59.8605805Z   },
Test	Run npm run test:browser	2026-09-08T00:23:59.8605937Z }
Test	Run npm run test:browser	2026-09-08T00:23:59.8798323Z ^[[90mstderr^[[2m | src/lib/exporter/videoExporter.browser.test.ts^[[2m > ^[[22m^[[2mVideoExporter (real browser)^[[2m > ^[[22m^[[2mexports successfully with an image wallpaper (served by Vite dev server)
Test	Run npm run test:browser	2026-09-08T00:23:59.8799920Z ^[[22m^[[39m[VideoExporter] prefer-hardware export attempt failed: [Error: Hardware video encoding is not supported on this system.]
Test	Run npm run test:browser	2026-09-08T00:24:00.0307099Z ^[[90mstdout^[[2m | src/lib/exporter/videoExporter.browser.test.ts^[[2m > ^[[22m^[[2mVideoExporter (real browser)^[[2m > ^[[22m^[[2mexports successfully with an image wallpaper (served by Vite dev server)
Test	Run npm run test:browser	2026-09-08T00:24:00.0337456Z ^[[22m^[[39m[VideoExporter] source-copy fast path disabled {
Test	Run npm run test:browser	2026-09-08T00:24:00.0338053Z   "blockers": [
Test	Run npm run test:browser	2026-09-08T00:24:00.0338460Z     "output-size 320x180 differs from source 640x480",
Test	Run npm run test:browser	2026-09-08T00:24:00.0338799Z   ],
Test	Run npm run test:browser	2026-09-08T00:24:00.0339024Z   "output": {
Test	Run npm run test:browser	2026-09-08T00:24:00.0339245Z     "height": 180,
Test	Run npm run test:browser	2026-09-08T00:24:00.0339489Z     "width": 320,
Test	Run npm run test:browser	2026-09-08T00:24:00.0339720Z   },
Test	Run npm run test:browser	2026-09-08T00:24:00.0339921Z   "source": {
Test	Run npm run test:browser	2026-09-08T00:24:00.0340158Z     "audioCodec": undefined,
Test	Run npm run test:browser	2026-09-08T00:24:00.0340483Z     "codec": "vp09.01.30.08.03.02.02.00.01",
Test	Run npm run test:browser	2026-09-08T00:24:00.0340783Z     "duration": 2,
Test	Run npm run test:browser	2026-09-08T00:24:00.0341038Z     "frameRate": 15,
Test	Run npm run test:browser	2026-09-08T00:24:00.0341286Z     "hasAudio": false,
Test	Run npm run test:browser	2026-09-08T00:24:00.0341511Z     "height": 480,
Test	Run npm run test:browser	2026-09-08T00:24:00.0341759Z     "streamDuration": 2,
Test	Run npm run test:browser	2026-09-08T00:24:00.0342010Z     "width": 640,
Test	Run npm run test:browser	2026-09-08T00:24:00.0342231Z   },
Test	Run npm run test:browser	2026-09-08T00:24:00.0342464Z }
Test	Run npm run test:browser	2026-09-08T00:24:00.1160247Z ^[[90mstdout^[[2m | src/lib/exporter/videoExporter.browser.test.ts^[[2m > ^[[22m^[[2mVideoExporter (real browser)^[[2m > ^[[22m^[[2mexports successfully with an image wallpaper (served by Vite dev server)
Test	Run npm run test:browser	2026-09-08T00:24:00.1165981Z ^[[22m^[[39m[VideoExporter] Using software acceleration
Test	Run npm run test:browser	2026-09-08T00:24:00.1283715Z ^[[90mstdout^[[2m | src/lib/exporter/videoExporter.browser.test.ts^[[2m > ^[[22m^[[2mVideoExporter (real browser)^[[2m > ^[[22m^[[2mexports successfully with an image wallpaper (served by Vite dev server)
Test	Run npm run test:browser	2026-09-08T00:24:00.1285285Z ^[[22m^[[39m[StreamingVideoDecoder] decoderConfig.codec: vp09.01.30.08.03.02.02.00.01
Test	Run npm run test:browser	2026-09-08T00:24:00.1286138Z ^[[90mstdout^[[2m | src/lib/exporter/videoExporter.browser.test.ts^[[2m > ^[[22m^[[2mVideoExporter (real browser)^[[2m > ^[[22m^[[2mexports successfully with an image wallpaper (served by Vite dev server)
Test	Run npm run test:browser	2026-09-08T00:24:00.1286984Z ^[[22m^[[39m[StreamingVideoDecoder] decoderConfig.description: undefined
Test	Run npm run test:browser	2026-09-08T00:24:00.1288083Z ^[[90mstdout^[[2m | src/lib/exporter/videoExporter.browser.test.ts^[[2m > ^[[22m^[[2mVideoExporter (real browser)^[[2m > ^[[22m^[[2mexports successfully with an image wallpaper (served by Vite dev server)
Test	Run npm run test:browser	2026-09-08T00:24:00.1288954Z ^[[22m^[[39m[StreamingVideoDecoder] isConfigSupported for "vp09.01.30.08.03.02.02.00.01": true
Test	Run npm run test:browser	2026-09-08T00:24:00.6353598Z ^[[90mstdout^[[2m | src/lib/exporter/videoExporter.browser.test.ts^[[2m > ^[[22m^[[2mVideoExporter (real browser)^[[2m > ^[[22m^[[2mexports successfully with an image wallpaper (served by Vite dev server)
Test	Run npm run test:browser	2026-09-08T00:24:00.6357760Z ^[[22m^[[39mMP4_BOUNDARY {"module":"streamingDecoder.ts","stage":"demux-read","count":60,"ms":3409,"detail":{"done":false,"timestamp":1867000}}
Test	Run npm run test:browser	2026-09-08T00:24:00.6874407Z ^[[90mstdout^[[2m | src/lib/exporter/videoExporter.browser.test.ts^[[2m > ^[[22m^[[2mVideoExporter (real browser)^[[2m > ^[[22m^[[2mexports successfully with an image wallpaper (served by Vite dev server)
Test	Run npm run test:browser	2026-09-08T00:24:00.6880402Z ^[[22m^[[39mMP4_BOUNDARY {"module":"streamingDecoder.ts","stage":"decoder-feed","count":60,"ms":3462,"detail":{"queue":11,"pending":0}}
Test	Run npm run test:browser	2026-09-08T00:24:00.9909325Z ^[[90mstdout^[[2m | src/lib/exporter/videoExporter.browser.test.ts^[[2m > ^[[22m^[[2mVideoExporter (real browser)^[[2m > ^[[22m^[[2mexports successfully with an image wallpaper (served by Vite dev server)
Test	Run npm run test:browser	2026-09-08T00:24:00.9910611Z ^[[22m^[[39mMP4_BOUNDARY {"module":"streamingDecoder.ts","stage":"decoder-output","count":60,"ms":3765,"detail":{"timestamp":1933000}}
Test	Run npm run test:browser	2026-09-08T00:24:01.0148745Z ^[[90mstdout^[[2m | src/lib/exporter/videoExporter.browser.test.ts^[[2m > ^[[22m^[[2mVideoExporter (real browser)^[[2m > ^[[22m^[[2mexports successfully with an image wallpaper (served by Vite dev server)
Test	Run npm run test:browser	2026-09-08T00:24:01.0150323Z ^[[22m^[[39mMP4_BOUNDARY {"module":"videoExporter.ts","stage":"onFrame-start","count":60,"ms":3789,"detail":{"sourceTimestampMs":1933.3333333333333}}
Test	Run npm run test:browser	2026-09-08T00:24:01.0426476Z ^[[90mstdout^[[2m | src/lib/exporter/videoExporter.browser.test.ts^[[2m > ^[[22m^[[2mVideoExporter (real browser)^[[2m > ^[[22m^[[2mexports successfully with an image wallpaper (served by Vite dev server)
Test	Run npm run test:browser	2026-09-08T00:24:01.0428390Z ^[[22m^[[39mMP4_BOUNDARY {"module":"videoExporter.ts","stage":"render-complete","count":60,"ms":3817}
Test	Run npm run test:browser	2026-09-08T00:24:01.0458212Z ^[[90mstdout^[[2m | src/lib/exporter/videoExporter.browser.test.ts^[[2m > ^[[22m^[[2mVideoExporter (real browser)^[[2m > ^[[22m^[[2mexports successfully with an image wallpaper (served by Vite dev server)
Test	Run npm run test:browser	2026-09-08T00:24:01.0459299Z ^[[22m^[[39mMP4_BOUNDARY {"module":"videoExporter.ts","stage":"encoder-feed","count":60,"ms":3820,"detail":{"queue":0}}
Test	Run npm run test:browser	2026-09-08T00:24:01.0468409Z ^[[90mstdout^[[2m | src/lib/exporter/videoExporter.browser.test.ts^[[2m > ^[[22m^[[2mVideoExporter (real browser)^[[2m > ^[[22m^[[2mexports successfully with an image wallpaper (served by Vite dev server)
Test	Run npm run test:browser	2026-09-08T00:24:01.0469324Z ^[[22m^[[39mMP4_BOUNDARY {"module":"streamingDecoder.ts","stage":"onFrame-complete","count":60,"ms":3821}
Test	Run npm run test:browser	2026-09-08T00:24:01.1279807Z ^[[90mstdout^[[2m | src/lib/exporter/videoExporter.browser.test.ts^[[2m > ^[[22m^[[2mVideoExporter (real browser)^[[2m > ^[[22m^[[2mthrows BackgroundLoadError when wallpaper fails to load (no silent black fallback)
Test	Run npm run test:browser	2026-09-08T00:24:01.1281286Z ^[[22m^[[39m[VideoExporter] source-copy fast path disabled {
Test	Run npm run test:browser	2026-09-08T00:24:01.1282076Z   "blockers": [
Test	Run npm run test:browser	2026-09-08T00:24:01.1282389Z     "output-size 320x180 differs from source 640x480",
Test	Run npm run test:browser	2026-09-08T00:24:01.1282667Z   ],
Test	Run npm run test:browser	2026-09-08T00:24:01.1282838Z   "output": {
Test	Run npm run test:browser	2026-09-08T00:24:01.1283015Z     "height": 180,
Test	Run npm run test:browser	2026-09-08T00:24:01.1283202Z     "width": 320,
Test	Run npm run test:browser	2026-09-08T00:24:01.1283895Z   },
Test	Run npm run test:browser	2026-09-08T00:24:01.1284061Z   "source": {
Test	Run npm run test:browser	2026-09-08T00:24:01.1284258Z     "audioCodec": undefined,
Test	Run npm run test:browser	2026-09-08T00:24:01.1284523Z     "codec": "vp09.01.30.08.03.02.02.00.01",
Test	Run npm run test:browser	2026-09-08T00:24:01.1284796Z     "duration": 2,
Test	Run npm run test:browser	2026-09-08T00:24:01.1284987Z     "frameRate": 15,
Test	Run npm run test:browser	2026-09-08T00:24:01.1285188Z     "hasAudio": false,
Test	Run npm run test:browser	2026-09-08T00:24:01.1285385Z     "height": 480,
Test	Run npm run test:browser	2026-09-08T00:24:01.1285587Z     "streamDuration": 2,
Test	Run npm run test:browser	2026-09-08T00:24:01.1285796Z     "width": 640,
Test	Run npm run test:browser	2026-09-08T00:24:01.1286007Z   },
Test	Run npm run test:browser	2026-09-08T00:24:01.1286227Z }
Test	Run npm run test:browser	2026-09-08T00:24:01.2185710Z  ^[[32m✓^[[39m ^[[30m^[[43m chromium ^[[49m^[[39m src/lib/exporter/videoExporter.browser.test.ts ^[[2m(^[[22m^[[2m3 tests^[[22m^[[2m)^[[22m^[[33m 3405^[[2mms^[[22m^[[39m
Test	Run npm run test:browser	2026-09-08T00:24:01.2192871Z      ^[[33m^[[2m✓^[[22m^[[39m exports a valid MP4 blob from a real video ^[[33m 2054^[[2mms^[[22m^[[39m
Test	Run npm run test:browser	2026-09-08T00:24:01.2193900Z      ^[[33m^[[2m✓^[[22m^[[39m exports successfully with an image wallpaper (served by Vite dev server) ^[[33m 1266^[[2mms^[[22m^[[39m
Test	Run npm run test:browser	2026-09-08T00:24:01.9324904Z ^[[90mstderr^[[2m | src/lib/exporter/mp4Bitrate.browser.test.ts^[[2m > ^[[22m^[[2mreduces scrolling UI bytes against a paired legacy encoder control
Test	Run npm run test:browser	2026-09-08T00:24:01.9326443Z ^[[22m^[[39mFailed to get platform from Electron, falling back to navigator: [TypeError: Cannot read properties of undefined (reading 'getPlatform')]
Test	Run npm run test:browser	2026-09-08T00:24:01.9393981Z ^[[90mstdout^[[2m | src/lib/exporter/mp4Bitrate.browser.test.ts^[[2m > ^[[22m^[[2mreduces scrolling UI bytes against a paired legacy encoder control
Test	Run npm run test:browser	2026-09-08T00:24:01.9394692Z ^[[22m^[[39mMP4_BOUNDARY {"module":"streamingDecoder.ts","stage":"source-loaded","count":1,"ms":700,"detail":{"bytes":1627928}}
Test	Run npm run test:browser	2026-09-08T00:24:01.9401603Z ^[[90mstdout^[[2m | src/lib/exporter/mp4Bitrate.browser.test.ts^[[2m > ^[[22m^[[2mreduces scrolling UI bytes against a paired legacy encoder control
Test	Run npm run test:browser	2026-09-08T00:24:01.9402473Z ^[[22m^[[39mMP4_BOUNDARY {"module":"streamingDecoder.ts","stage":"demux-init","count":1,"ms":701}
Test	Run npm run test:browser	2026-09-08T00:24:02.0273742Z ^[[90mstdout^[[2m | src/lib/exporter/mp4Bitrate.browser.test.ts^[[2m > ^[[22m^[[2mreduces scrolling UI bytes against a paired legacy encoder control
Test	Run npm run test:browser	2026-09-08T00:24:02.0274536Z ^[[22m^[[39m[VideoExporter] source-copy fast path disabled {
Test	Run npm run test:browser	2026-09-08T00:24:02.0274878Z   "blockers": [
Test	Run npm run test:browser	2026-09-08T00:24:02.0275073Z     "padding is not zero",
Test	Run npm run test:browser	2026-09-08T00:24:02.0275277Z   ],
Test	Run npm run test:browser	2026-09-08T00:24:02.0275441Z   "output": {
Test	Run npm run test:browser	2026-09-08T00:24:02.0275645Z     "height": 1080,
Test	Run npm run test:browser	2026-09-08T00:24:02.0286038Z     "width": 1920,
Test	Run npm run test:browser	2026-09-08T00:24:02.0286207Z   },
Test	Run npm run test:browser	2026-09-08T00:24:02.0286320Z   "source": {
Test	Run npm run test:browser	2026-09-08T00:24:02.0286469Z     "audioCodec": "mp4a.40.2",
Test	Run npm run test:browser	2026-09-08T00:24:02.0286624Z     "codec": "avc1.42c02a",
Test	Run npm run test:browser	2026-09-08T00:24:02.0286776Z     "duration": 3,
Test	Run npm run test:browser	2026-09-08T00:24:02.0287094Z     "frameRate": 60,
Test	Run npm run test:browser	2026-09-08T00:24:02.0287239Z     "hasAudio": true,
Test	Run npm run test:browser	2026-09-08T00:24:02.0287363Z     "height": 1080,
Test	Run npm run test:browser	2026-09-08T00:24:02.0287492Z     "streamDuration": 3,
Test	Run npm run test:browser	2026-09-08T00:24:02.0287624Z     "width": 1920,
Test	Run npm run test:browser	2026-09-08T00:24:02.0287737Z   },
Test	Run npm run test:browser	2026-09-08T00:24:02.0287850Z }
Test	Run npm run test:browser	2026-09-08T00:24:02.0588800Z ^[[90mstderr^[[2m | src/lib/exporter/mp4Bitrate.browser.test.ts^[[2m > ^[[22m^[[2mreduces scrolling UI bytes against a paired legacy encoder control
Test	Run npm run test:browser	2026-09-08T00:24:02.0590228Z ^[[22m^[[39m    at FrameRenderer.initialize (http://localhost:63315/src/lib/exporter/frameRenderer.ts:135:26)
Test	Run npm run test:browser	2026-09-08T00:24:02.0591925Z     at async VideoExporter.exportWithEncoderPreference (http://localhost:63315/src/lib/exporter/videoExporter.ts:210:7)
Test	Run npm run test:browser	2026-09-08T00:24:02.0592893Z     at async VideoExporter.export (http://localhost:63315/src/lib/exporter/videoExporter.ts:111:16)
Test	Run npm run test:browser	2026-09-08T00:24:02.0593771Z     at async http://localhost:63315/home/runner/work/showhow/showhow/src/lib/exporter/mp4Bitrate.browser.test.ts?import&browserv=1788827041624:15:20
Test	Run npm run test:browser	2026-09-08T00:24:02.0594594Z     at async http://localhost:63315/node_modules/@vitest/runner/dist/chunk-artifact.js?v=965eccb7:1903:20
Test	Run npm run test:browser	2026-09-08T00:24:02.0595547Z ^[[90mstderr^[[2m | src/lib/exporter/mp4Bitrate.browser.test.ts^[[2m > ^[[22m^[[2mreduces scrolling UI bytes against a paired legacy encoder control
Test	Run npm run test:browser	2026-09-08T00:24:02.0596389Z ^[[22m^[[39m    at FrameRenderer.initialize (http://localhost:63315/src/lib/exporter/frameRenderer.ts:136:29)
Test	Run npm run test:browser	2026-09-08T00:24:02.0597277Z     at async VideoExporter.exportWithEncoderPreference (http://localhost:63315/src/lib/exporter/videoExporter.ts:210:7)
Test	Run npm run test:browser	2026-09-08T00:24:02.0597759Z     at async VideoExporter.export (http://localhost:63315/src/lib/exporter/videoExporter.ts:111:16)
Test	Run npm run test:browser	2026-09-08T00:24:02.0598229Z     at async http://localhost:63315/home/runner/work/showhow/showhow/src/lib/exporter/mp4Bitrate.browser.test.ts?import&browserv=1788827041624:15:20
Test	Run npm run test:browser	2026-09-08T00:24:02.0598949Z     at async http://localhost:63315/node_modules/@vitest/runner/dist/chunk-artifact.js?v=965eccb7:1903:20
Test	Run npm run test:browser	2026-09-08T00:24:02.0641174Z ^[[90mstdout^[[2m | src/lib/exporter/mp4Bitrate.browser.test.ts^[[2m > ^[[22m^[[2mreduces scrolling UI bytes against a paired legacy encoder control
Test	Run npm run test:browser	2026-09-08T00:24:02.0642098Z ^[[22m^[[39mMP4_BOUNDARY {"module":"videoExporter.ts","stage":"renderer-initialized","count":1,"ms":825}
Test	Run npm run test:browser	2026-09-08T00:24:02.0645412Z ^[[90mstderr^[[2m | src/lib/exporter/mp4Bitrate.browser.test.ts^[[2m > ^[[22m^[[2mreduces scrolling UI bytes against a paired legacy encoder control
Test	Run npm run test:browser	2026-09-08T00:24:02.0646303Z ^[[22m^[[39m[VideoExporter] prefer-hardware export attempt failed: [Error: Hardware video encoding is not supported on this system.]
Test	Run npm run test:browser	2026-09-08T00:24:02.1649810Z ^[[90mstdout^[[2m | src/lib/exporter/mp4Bitrate.browser.test.ts^[[2m > ^[[22m^[[2mreduces scrolling UI bytes against a paired legacy encoder control
Test	Run npm run test:browser	2026-09-08T00:24:02.1650496Z ^[[22m^[[39m[VideoExporter] source-copy fast path disabled {
Test	Run npm run test:browser	2026-09-08T00:24:02.1650887Z   "blockers": [
Test	Run npm run test:browser	2026-09-08T00:24:02.1651131Z     "padding is not zero",
Test	Run npm run test:browser	2026-09-08T00:24:02.1651358Z   ],
Test	Run npm run test:browser	2026-09-08T00:24:02.1651566Z   "output": {
Test	Run npm run test:browser	2026-09-08T00:24:02.1651776Z     "height": 1080,
Test	Run npm run test:browser	2026-09-08T00:24:02.1651989Z     "width": 1920,
Test	Run npm run test:browser	2026-09-08T00:24:02.1652195Z   },
Test	Run npm run test:browser	2026-09-08T00:24:02.1652389Z   "source": {
Test	Run npm run test:browser	2026-09-08T00:24:02.1652615Z     "audioCodec": "mp4a.40.2",
Test	Run npm run test:browser	2026-09-08T00:24:02.1652854Z     "codec": "avc1.42c02a",
Test	Run npm run test:browser	2026-09-08T00:24:02.1653078Z     "duration": 3,
Test	Run npm run test:browser	2026-09-08T00:24:02.1653298Z     "frameRate": 60,
Test	Run npm run test:browser	2026-09-08T00:24:02.1653516Z     "hasAudio": true,
Test	Run npm run test:browser	2026-09-08T00:24:02.1653728Z     "height": 1080,
Test	Run npm run test:browser	2026-09-08T00:24:02.1653944Z     "streamDuration": 3,
Test	Run npm run test:browser	2026-09-08T00:24:02.1654166Z     "width": 1920,
Test	Run npm run test:browser	2026-09-08T00:24:02.1654369Z   },
Test	Run npm run test:browser	2026-09-08T00:24:02.1654562Z }
Test	Run npm run test:browser	2026-09-08T00:24:02.1987353Z ^[[90mstdout^[[2m | src/lib/exporter/mp4Bitrate.browser.test.ts^[[2m > ^[[22m^[[2mreduces scrolling UI bytes against a paired legacy encoder control
Test	Run npm run test:browser	2026-09-08T00:24:02.1989431Z ^[[22m^[[39m[VideoExporter] Using software acceleration
Test	Run npm run test:browser	2026-09-08T00:24:02.2008240Z ^[[90mstdout^[[2m | src/lib/exporter/mp4Bitrate.browser.test.ts^[[2m > ^[[22m^[[2mreduces scrolling UI bytes against a paired legacy encoder control
Test	Run npm run test:browser	2026-09-08T00:24:02.2011277Z ^[[22m^[[39mMP4_BOUNDARY {"module":"videoExporter.ts","stage":"encoder-initialized","count":1,"ms":957,"detail":{"encoderPreference":"prefer-software"}}
Test	Run npm run test:browser	2026-09-08T00:24:02.2159249Z ^[[90mstdout^[[2m | src/lib/exporter/mp4Bitrate.browser.test.ts^[[2m > ^[[22m^[[2mreduces scrolling UI bytes against a paired legacy encoder control
Test	Run npm run test:browser	2026-09-08T00:24:02.2160855Z ^[[22m^[[39mMP4_BOUNDARY {"module":"videoExporter.ts","stage":"mux-initialized","count":1,"ms":976}
Test	Run npm run test:browser	2026-09-08T00:24:02.2233826Z ^[[90mstdout^[[2m | src/lib/exporter/mp4Bitrate.browser.test.ts^[[2m > ^[[22m^[[2mreduces scrolling UI bytes against a paired legacy encoder control
Test	Run npm run test:browser	2026-09-08T00:24:02.2236490Z ^[[22m^[[39mMP4_BOUNDARY {"module":"streamingDecoder.ts","stage":"demux-config","count":1,"ms":984,"detail":{"codec":"avc1.42c02a","codedWidth":1920,"codedHeight":1080,"description":{"0":1,"1":66,"2":192,"3":42,"4":255,"5":225,"6":0,"7":24,"8":103,"9":66,"10":192,"11":42,"12":218,"13":1,"14":224,"15":8,"16":159,"17":151,"18":1,"19":16,"20":0,"21":0,"22":3,"23":0,"24":16,"25":0,"26":0,"27":7,"28":128,"29":241,"30":131,"31":42,"32":1,"33":0,"34":5,"35":104,"36":206,"37":2,"38":60,"39":128},"rotation":0,"flip":false}}
Test	Run npm run test:browser	2026-09-08T00:24:02.2238436Z ^[[90mstdout^[[2m | src/lib/exporter/mp4Bitrate.browser.test.ts^[[2m > ^[[22m^[[2mreduces scrolling UI bytes against a paired legacy encoder control
Test	Run npm run test:browser	2026-09-08T00:24:02.2239171Z ^[[22m^[[39m[StreamingVideoDecoder] decoderConfig.codec: avc1.42c02a
Test	Run npm run test:browser	2026-09-08T00:24:02.2239987Z ^[[90mstdout^[[2m | src/lib/exporter/mp4Bitrate.browser.test.ts^[[2m > ^[[22m^[[2mreduces scrolling UI bytes against a paired legacy encoder control
Test	Run npm run test:browser	2026-09-08T00:24:02.2240686Z ^[[22m^[[39m[StreamingVideoDecoder] decoderConfig.description: Uint8Array [
Test	Run npm run test:browser	2026-09-08T00:24:02.2241013Z   1,
Test	Run npm run test:browser	2026-09-08T00:24:02.2241183Z   66,
Test	Run npm run test:browser	2026-09-08T00:24:02.2241615Z   192,
Test	Run npm run test:browser	2026-09-08T00:24:02.2241775Z   42,
Test	Run npm run test:browser	2026-09-08T00:24:02.2241933Z   255,
Test	Run npm run test:browser	2026-09-08T00:24:02.2242093Z   225,
Test	Run npm run test:browser	2026-09-08T00:24:02.2242254Z   0,
Test	Run npm run test:browser	2026-09-08T00:24:02.2242412Z   24,
Test	Run npm run test:browser	2026-09-08T00:24:02.2242569Z   103,
Test	Run npm run test:browser	2026-09-08T00:24:02.2242720Z   66,
Test	Run npm run test:browser	2026-09-08T00:24:02.2242872Z   192,
Test	Run npm run test:browser	2026-09-08T00:24:02.2243025Z   42,
Test	Run npm run test:browser	2026-09-08T00:24:02.2243188Z   218,
Test	Run npm run test:browser	2026-09-08T00:24:02.2243340Z   1,
Test	Run npm run test:browser	2026-09-08T00:24:02.2243488Z   224,
Test	Run npm run test:browser	2026-09-08T00:24:02.2243641Z   8,
Test	Run npm run test:browser	2026-09-08T00:24:02.2243785Z   159,
Test	Run npm run test:browser	2026-09-08T00:24:02.2244098Z   151,
Test	Run npm run test:browser	2026-09-08T00:24:02.2244252Z   1,
Test	Run npm run test:browser	2026-09-08T00:24:02.2244408Z   16,
Test	Run npm run test:browser	2026-09-08T00:24:02.2244569Z   0,
Test	Run npm run test:browser	2026-09-08T00:24:02.2244719Z   0,
Test	Run npm run test:browser	2026-09-08T00:24:02.2244883Z   3,
Test	Run npm run test:browser	2026-09-08T00:24:02.2245043Z   0,
Test	Run npm run test:browser	2026-09-08T00:24:02.2245197Z   16,
Test	Run npm run test:browser	2026-09-08T00:24:02.2245353Z   0,
Test	Run npm run test:browser	2026-09-08T00:24:02.2245510Z   0,
Test	Run npm run test:browser	2026-09-08T00:24:02.2245661Z   7,
Test	Run npm run test:browser	2026-09-08T00:24:02.2245818Z   128,
Test	Run npm run test:browser	2026-09-08T00:24:02.2245984Z   241,
Test	Run npm run test:browser	2026-09-08T00:24:02.2246141Z   131,
Test	Run npm run test:browser	2026-09-08T00:24:02.2246309Z   42,
Test	Run npm run test:browser	2026-09-08T00:24:02.2246466Z   1,
Test	Run npm run test:browser	2026-09-08T00:24:02.2246621Z   0,
Test	Run npm run test:browser	2026-09-08T00:24:02.2246768Z   5,
Test	Run npm run test:browser	2026-09-08T00:24:02.2247052Z   104,
Test	Run npm run test:browser	2026-09-08T00:24:02.2247208Z   206,
Test	Run npm run test:browser	2026-09-08T00:24:02.2247362Z   2,
Test	Run npm run test:browser	2026-09-08T00:24:02.2247510Z   60,
Test	Run npm run test:browser	2026-09-08T00:24:02.2247669Z   128,
Test	Run npm run test:browser	2026-09-08T00:24:02.2247831Z ]
Test	Run npm run test:browser	2026-09-08T00:24:02.2248584Z ^[[90mstdout^[[2m | src/lib/exporter/mp4Bitrate.browser.test.ts^[[2m > ^[[22m^[[2mreduces scrolling UI bytes against a paired legacy encoder control
Test	Run npm run test:browser	2026-09-08T00:24:02.2249348Z ^[[22m^[[39m[StreamingVideoDecoder] isConfigSupported for "avc1.42c02a": true
Test	Run npm run test:browser	2026-09-08T00:24:02.2250183Z ^[[90mstdout^[[2m | src/lib/exporter/mp4Bitrate.browser.test.ts^[[2m > ^[[22m^[[2mreduces scrolling UI bytes against a paired legacy encoder control
Test	Run npm run test:browser	2026-09-08T00:24:02.2252542Z ^[[22m^[[39mMP4_BOUNDARY {"module":"streamingDecoder.ts","stage":"decoder-configured","count":1,"ms":985,"detail":{"codec":"avc1.42c02a","codedWidth":1920,"codedHeight":1080,"description":{"0":1,"1":66,"2":192,"3":42,"4":255,"5":225,"6":0,"7":24,"8":103,"9":66,"10":192,"11":42,"12":218,"13":1,"14":224,"15":8,"16":159,"17":151,"18":1,"19":16,"20":0,"21":0,"22":3,"23":0,"24":16,"25":0,"26":0,"27":7,"28":128,"29":241,"30":131,"31":42,"32":1,"33":0,"34":5,"35":104,"36":206,"37":2,"38":60,"39":128},"rotation":0,"flip":false}}
Test	Run npm run test:browser	2026-09-08T00:24:02.2336828Z ^[[90mstdout^[[2m | src/lib/exporter/mp4Bitrate.browser.test.ts^[[2m > ^[[22m^[[2mreduces scrolling UI bytes against a paired legacy encoder control
Test	Run npm run test:browser	2026-09-08T00:24:02.2338676Z ^[[22m^[[39mMP4_BOUNDARY {"module":"streamingDecoder.ts","stage":"demux-read","count":1,"ms":994,"detail":{"done":false,"timestamp":0}}
Test	Run npm run test:browser	2026-09-08T00:24:02.2348590Z ^[[90mstdout^[[2m | src/lib/exporter/mp4Bitrate.browser.test.ts^[[2m > ^[[22m^[[2mreduces scrolling UI bytes against a paired legacy encoder control
Test	Run npm run test:browser	2026-09-08T00:24:02.2349900Z ^[[22m^[[39mMP4_BOUNDARY {"module":"streamingDecoder.ts","stage":"decoder-feed","count":1,"ms":995,"detail":{"queue":0,"pending":0}}
Test	Run npm run test:browser	2026-09-08T00:24:02.2399843Z ^[[90mstdout^[[2m | src/lib/exporter/mp4Bitrate.browser.test.ts^[[2m > ^[[22m^[[2mreduces scrolling UI bytes against a paired legacy encoder control
Test	Run npm run test:browser	2026-09-08T00:24:02.2404630Z ^[[22m^[[39mMP4_BOUNDARY {"module":"streamingDecoder.ts","stage":"demux-read","count":10,"ms":1000,"detail":{"done":false,"timestamp":150000}}
Test	Run npm run test:browser	2026-09-08T00:24:02.2405746Z ^[[90mstdout^[[2m | src/lib/exporter/mp4Bitrate.browser.test.ts^[[2m > ^[[22m^[[2mreduces scrolling UI bytes against a paired legacy encoder control
Test	Run npm run test:browser	2026-09-08T00:24:02.2407623Z ^[[22m^[[39mMP4_BOUNDARY {"module":"streamingDecoder.ts","stage":"decoder-feed","count":10,"ms":1000,"detail":{"queue":7,"pending":0}}
Test	Run npm run test:browser	2026-09-08T00:24:02.2414945Z ^[[90mstdout^[[2m | src/lib/exporter/mp4Bitrate.browser.test.ts^[[2m > ^[[22m^[[2mreduces scrolling UI bytes against a paired legacy encoder control
Test	Run npm run test:browser	2026-09-08T00:24:02.2416232Z ^[[22m^[[39mMP4_BOUNDARY {"module":"streamingDecoder.ts","stage":"decoder-output","count":1,"ms":1002,"detail":{"timestamp":0}}
Test	Run npm run test:browser	2026-09-08T00:24:02.2427203Z ^[[90mstdout^[[2m | src/lib/exporter/mp4Bitrate.browser.test.ts^[[2m > ^[[22m^[[2mreduces scrolling UI bytes against a paired legacy encoder control
Test	Run npm run test:browser	2026-09-08T00:24:02.2429413Z ^[[22m^[[39mMP4_BOUNDARY {"module":"videoExporter.ts","stage":"onFrame-start","count":1,"ms":1003,"detail":{"sourceTimestampMs":0}}
Test	Run npm run test:browser	2026-09-08T00:24:02.7946187Z ^[[90mstdout^[[2m | src/lib/exporter/mp4Bitrate.browser.test.ts^[[2m > ^[[22m^[[2mreduces scrolling UI bytes against a paired legacy encoder control
Test	Run npm run test:browser	2026-09-08T00:24:02.7947233Z ^[[22m^[[39mMP4_BOUNDARY {"module":"videoExporter.ts","stage":"render-complete","count":1,"ms":1555}
Test	Run npm run test:browser	2026-09-08T00:24:02.8534359Z ^[[90mstdout^[[2m | src/lib/exporter/mp4Bitrate.browser.test.ts^[[2m > ^[[22m^[[2mreduces scrolling UI bytes against a paired legacy encoder control
Test	Run npm run test:browser	2026-09-08T00:24:02.8535083Z ^[[22m^[[39mMP4_BOUNDARY {"module":"videoExporter.ts","stage":"encoder-feed","count":1,"ms":1613,"detail":{"queue":0}}
Test	Run npm run test:browser	2026-09-08T00:24:02.8535659Z ^[[90mstdout^[[2m | src/lib/exporter/mp4Bitrate.browser.test.ts^[[2m > ^[[22m^[[2mreduces scrolling UI bytes against a paired legacy encoder control
Test	Run npm run test:browser	2026-09-08T00:24:02.8536510Z ^[[22m^[[39mMP4_BOUNDARY {"module":"streamingDecoder.ts","stage":"onFrame-complete","count":1,"ms":1613}
Test	Run npm run test:browser	2026-09-08T00:24:10.6879371Z ^[[90mstdout^[[2m | src/lib/exporter/mp4Bitrate.browser.test.ts^[[2m > ^[[22m^[[2mreduces scrolling UI bytes against a paired legacy encoder control
Test	Run npm run test:browser	2026-09-08T00:24:10.6910237Z ^[[22m^[[39mMP4_BOUNDARY {"module":"streamingDecoder.ts","stage":"decoder-output","count":10,"ms":9448,"detail":{"timestamp":150000}}
Test	Run npm run test:browser	2026-09-08T00:24:11.8791608Z ^[[90mstdout^[[2m | src/lib/exporter/mp4Bitrate.browser.test.ts^[[2m > ^[[22m^[[2mreduces scrolling UI bytes against a paired legacy encoder control
Test	Run npm run test:browser	2026-09-08T00:24:11.8792706Z ^[[22m^[[39mMP4_BOUNDARY {"module":"videoExporter.ts","stage":"onFrame-start","count":10,"ms":10639,"detail":{"sourceTimestampMs":150}}
Test	Run npm run test:browser	2026-09-08T00:24:13.0760619Z ^[[90mstdout^[[2m | src/lib/exporter/mp4Bitrate.browser.test.ts^[[2m > ^[[22m^[[2mreduces scrolling UI bytes against a paired legacy encoder control
Test	Run npm run test:browser	2026-09-08T00:24:13.0762153Z ^[[22m^[[39mMP4_BOUNDARY {"module":"videoExporter.ts","stage":"render-complete","count":10,"ms":11836}
Test	Run npm run test:browser	2026-09-08T00:24:13.1335506Z ^[[90mstdout^[[2m | src/lib/exporter/mp4Bitrate.browser.test.ts^[[2m > ^[[22m^[[2mreduces scrolling UI bytes against a paired legacy encoder control
Test	Run npm run test:browser	2026-09-08T00:24:13.1338324Z ^[[22m^[[39mMP4_BOUNDARY {"module":"videoExporter.ts","stage":"encoder-feed","count":10,"ms":11887,"detail":{"queue":0}}
Test	Run npm run test:browser	2026-09-08T00:24:13.1339549Z ^[[90mstdout^[[2m | src/lib/exporter/mp4Bitrate.browser.test.ts^[[2m > ^[[22m^[[2mreduces scrolling UI bytes against a paired legacy encoder control
Test	Run npm run test:browser	2026-09-08T00:24:13.1340690Z ^[[22m^[[39mMP4_BOUNDARY {"module":"streamingDecoder.ts","stage":"onFrame-complete","count":10,"ms":11888}
Test	Run npm run test:browser	2026-09-08T00:24:16.8477244Z ^[[90mstdout^[[2m | src/lib/exporter/mp4Bitrate.browser.test.ts^[[2m > ^[[22m^[[2mreduces scrolling UI bytes against a paired legacy encoder control
Test	Run npm run test:browser	2026-09-08T00:24:16.8487566Z ^[[22m^[[39mMP4_BOUNDARY {"module":"streamingDecoder.ts","stage":"demux-read","count":30,"ms":15603,"detail":{"done":false,"timestamp":483333}}
Test	Run npm run test:browser	2026-09-08T00:24:18.0224248Z ^[[90mstdout^[[2m | src/lib/exporter/mp4Bitrate.browser.test.ts^[[2m > ^[[22m^[[2mreduces scrolling UI bytes against a paired legacy encoder control
Test	Run npm run test:browser	2026-09-08T00:24:18.0255483Z ^[[22m^[[39mMP4_BOUNDARY {"module":"streamingDecoder.ts","stage":"decoder-feed","count":30,"ms":16782,"detail":{"queue":11,"pending":0}}
Test	Run npm run test:browser	2026-09-08T00:24:30.4756097Z ^[[90mstdout^[[2m | src/lib/exporter/mp4Bitrate.browser.test.ts^[[2m > ^[[22m^[[2mreduces scrolling UI bytes against a paired legacy encoder control
Test	Run npm run test:browser	2026-09-08T00:24:30.4757327Z ^[[22m^[[39mMP4_BOUNDARY {"module":"streamingDecoder.ts","stage":"decoder-output","count":30,"ms":29234,"detail":{"timestamp":483333}}
Test	Run npm run test:browser	2026-09-08T00:24:31.6423214Z ^[[90mstdout^[[2m | src/lib/exporter/mp4Bitrate.browser.test.ts^[[2m > ^[[22m^[[2mreduces scrolling UI bytes against a paired legacy encoder control
Test	Run npm run test:browser	2026-09-08T00:24:31.6431671Z ^[[22m^[[39mMP4_BOUNDARY {"module":"videoExporter.ts","stage":"onFrame-start","count":30,"ms":30403,"detail":{"sourceTimestampMs":483.3333333333333}}
Test	Run npm run test:browser	2026-09-08T00:24:32.7522786Z ^[[90mstdout^[[2m | src/lib/exporter/mp4Bitrate.browser.test.ts^[[2m > ^[[22m^[[2mreduces scrolling UI bytes against a paired legacy encoder control
Test	Run npm run test:browser	2026-09-08T00:24:32.7523749Z ^[[22m^[[39mMP4_BOUNDARY {"module":"videoExporter.ts","stage":"render-complete","count":30,"ms":31512}
Test	Run npm run test:browser	2026-09-08T00:24:32.8017425Z ^[[90mstdout^[[2m | src/lib/exporter/mp4Bitrate.browser.test.ts^[[2m > ^[[22m^[[2mreduces scrolling UI bytes against a paired legacy encoder control
Test	Run npm run test:browser	2026-09-08T00:24:32.8019774Z ^[[22m^[[39mMP4_BOUNDARY {"module":"videoExporter.ts","stage":"encoder-feed","count":30,"ms":31560,"detail":{"queue":0}}
Test	Run npm run test:browser	2026-09-08T00:24:32.8030105Z ^[[90mstdout^[[2m | src/lib/exporter/mp4Bitrate.browser.test.ts^[[2m > ^[[22m^[[2mreduces scrolling UI bytes against a paired legacy encoder control
Test	Run npm run test:browser	2026-09-08T00:24:32.8043468Z ^[[22m^[[39mMP4_BOUNDARY {"module":"streamingDecoder.ts","stage":"onFrame-complete","count":30,"ms":31560}
Test	Run npm run test:browser	2026-09-08T00:24:47.8399101Z ^[[90mstdout^[[2m | src/lib/exporter/mp4Bitrate.browser.test.ts^[[2m > ^[[22m^[[2mreduces scrolling UI bytes against a paired legacy encoder control
Test	Run npm run test:browser	2026-09-08T00:24:47.8400212Z ^[[22m^[[39mMP4_BOUNDARY {"module":"streamingDecoder.ts","stage":"demux-read","count":60,"ms":46600,"detail":{"done":false,"timestamp":983333}}
Test	Run npm run test:browser	2026-09-08T00:24:49.0269802Z ^[[90mstdout^[[2m | src/lib/exporter/mp4Bitrate.browser.test.ts^[[2m > ^[[22m^[[2mreduces scrolling UI bytes against a paired legacy encoder control
Test	Run npm run test:browser	2026-09-08T00:24:49.0289626Z ^[[22m^[[39mMP4_BOUNDARY {"module":"streamingDecoder.ts","stage":"decoder-feed","count":60,"ms":47784,"detail":{"queue":11,"pending":0}}
Test	Run npm run test:browser	2026-09-08T00:25:03.8908725Z ^[[90mstdout^[[2m | src/lib/exporter/mp4Bitrate.browser.test.ts^[[2m > ^[[22m^[[2mreduces scrolling UI bytes against a paired legacy encoder control
Test	Run npm run test:browser	2026-09-08T00:25:03.8909877Z ^[[22m^[[39mMP4_BOUNDARY {"module":"streamingDecoder.ts","stage":"decoder-output","count":60,"ms":62650,"detail":{"timestamp":983333}}
Test	Run npm run test:browser	2026-09-08T00:25:05.0579239Z ^[[90mstdout^[[2m | src/lib/exporter/mp4Bitrate.browser.test.ts^[[2m > ^[[22m^[[2mreduces scrolling UI bytes against a paired legacy encoder control
Test	Run npm run test:browser	2026-09-08T00:25:05.0599351Z ^[[22m^[[39mMP4_BOUNDARY {"module":"videoExporter.ts","stage":"onFrame-start","count":60,"ms":63816,"detail":{"sourceTimestampMs":983.3333333333333}}
Test	Run npm run test:browser	2026-09-08T00:25:05.8237496Z ^[[90mstdout^[[2m | src/lib/exporter/mp4Bitrate.browser.test.ts^[[2m > ^[[22m^[[2mreduces scrolling UI bytes against a paired legacy encoder control
Test	Run npm run test:browser	2026-09-08T00:25:05.8238623Z ^[[22m^[[39mMP4_BOUNDARY {"module":"videoExporter.ts","stage":"render-complete","count":60,"ms":64584}
Test	Run npm run test:browser	2026-09-08T00:25:05.8686213Z ^[[90mstdout^[[2m | src/lib/exporter/mp4Bitrate.browser.test.ts^[[2m > ^[[22m^[[2mreduces scrolling UI bytes against a paired legacy encoder control
Test	Run npm run test:browser	2026-09-08T00:25:05.8687860Z ^[[22m^[[39mMP4_BOUNDARY {"module":"videoExporter.ts","stage":"encoder-feed","count":60,"ms":64628,"detail":{"queue":0}}
Test	Run npm run test:browser	2026-09-08T00:25:05.8689116Z ^[[90mstdout^[[2m | src/lib/exporter/mp4Bitrate.browser.test.ts^[[2m > ^[[22m^[[2mreduces scrolling UI bytes against a paired legacy encoder control
Test	Run npm run test:browser	2026-09-08T00:25:05.8690246Z ^[[22m^[[39mMP4_BOUNDARY {"module":"streamingDecoder.ts","stage":"onFrame-complete","count":60,"ms":64628}
Test	Run npm run test:browser	2026-09-08T00:25:54.0027910Z ^[[90mstdout^[[2m | src/lib/exporter/mp4Bitrate.browser.test.ts^[[2m > ^[[22m^[[2mreduces scrolling UI bytes against a paired legacy encoder control
Test	Run npm run test:browser	2026-09-08T00:25:54.0061374Z ^[[22m^[[39mMP4_BOUNDARY {"module":"streamingDecoder.ts","stage":"demux-read","count":120,"ms":112761,"detail":{"done":false,"timestamp":1983333}}
Test	Run npm run test:browser	2026-09-08T00:25:55.1776712Z ^[[90mstdout^[[2m | src/lib/exporter/mp4Bitrate.browser.test.ts^[[2m > ^[[22m^[[2mreduces scrolling UI bytes against a paired legacy encoder control
Test	Run npm run test:browser	2026-09-08T00:25:55.1777631Z ^[[22m^[[39mMP4_BOUNDARY {"module":"streamingDecoder.ts","stage":"decoder-feed","count":120,"ms":113938,"detail":{"queue":11,"pending":0}}
Test	Run npm run test:browser	2026-09-08T00:26:08.6029770Z ^[[90mstderr^[[2m | src/lib/exporter/mp4Bitrate.browser.test.ts^[[2m > ^[[22m^[[2mreduces scrolling UI bytes against a paired legacy encoder control
Test	Run npm run test:browser	2026-09-08T00:26:09.7621749Z ^[[22m^[[39m[vitest] Failed to take a screenshot [TimeoutError: locator.screenshot: Timeout 5000ms exceeded.
Test	Run npm run test:browser	2026-09-08T00:26:09.7622266Z Call log:
Test	Run npm run test:browser	2026-09-08T00:26:09.7622590Z   - waiting for locator('[data-vitest="true"]').contentFrame().locator('body')
Test	Run npm run test:browser	2026-09-08T00:26:09.7622923Z ]
Test	Run npm run test:browser	2026-09-08T00:26:09.7623326Z ^[[90mstdout^[[2m | src/lib/exporter/mp4Bitrate.browser.test.ts
Test	Run npm run test:browser	2026-09-08T00:26:09.7624428Z ^[[22m^[[39mMP4_BOUNDARY {"module":"streamingDecoder.ts","stage":"decoder-output","count":120,"ms":128522,"detail":{"timestamp":1983333}}
Test	Run npm run test:browser	2026-09-08T00:26:10.9482323Z  ^[[31m❯^[[39m ^[[30m^[[43m chromium ^[[49m^[[39m src/lib/exporter/mp4Bitrate.browser.test.ts ^[[2m(^[[22m^[[2m1 test^[[22m^[[2m | ^[[22m^[[31m1 failed^[[39m^[[2m)^[[22m^[[33m 126670^[[2mms^[[22m^[[39m
Test	Run npm run test:browser	2026-09-08T00:26:10.9523337Z ^[[31m   ^[[31m×^[[31m reduces scrolling UI bytes against a paired legacy encoder control^[[39m^[[33m 126669^[[2mms^[[22m^[[39m
Test	Run npm run test:browser	2026-09-08T00:26:10.9524104Z ^[[90mstdout^[[2m | unknown test
Test	Run npm run test:browser	2026-09-08T00:26:10.9525139Z ^[[22m^[[39mMP4_BOUNDARY {"module":"videoExporter.ts","stage":"onFrame-start","count":120,"ms":129712,"detail":{"sourceTimestampMs":1983.3333333333335}}
Test	Run npm run test:browser	2026-09-08T00:26:12.0922510Z ^[[90mstdout^[[2m | unknown test
Test	Run npm run test:browser	2026-09-08T00:26:12.0923239Z ^[[22m^[[39mMP4_BOUNDARY {"module":"videoExporter.ts","stage":"render-complete","count":120,"ms":130852}
Test	Run npm run test:browser	2026-09-08T00:26:12.1417208Z ^[[90mstdout^[[2m | unknown test
Test	Run npm run test:browser	2026-09-08T00:26:12.1418104Z ^[[22m^[[39mMP4_BOUNDARY {"module":"videoExporter.ts","stage":"encoder-feed","count":120,"ms":130900,"detail":{"queue":0}}
Test	Run npm run test:browser	2026-09-08T00:26:12.1418690Z ^[[90mstdout^[[2m | unknown test
Test	Run npm run test:browser	2026-09-08T00:26:12.1419282Z ^[[22m^[[39mMP4_BOUNDARY {"module":"streamingDecoder.ts","stage":"onFrame-complete","count":120,"ms":130900}
Test	Run npm run test:browser	2026-09-08T00:26:16.5857979Z 
Test	Run npm run test:browser	2026-09-08T00:26:16.5887328Z 
Test	Run npm run test:browser	2026-09-08T00:26:16.5889008Z ^[[31m⎯⎯⎯⎯⎯⎯⎯^[[39m^[[1m^[[41m Failed Tests 2 ^[[49m^[[22m^[[31m⎯⎯⎯⎯⎯⎯⎯^[[39m
Test	Run npm run test:browser	2026-09-08T00:26:16.5917156Z 
Test	Run npm run test:browser	2026-09-08T00:26:16.5918590Z ^[[41m^[[1m FAIL ^[[22m^[[49m ^[[30m^[[43m chromium ^[[49m^[[39m src/lib/exporter/mp4Bitrate.browser.test.ts^[[2m > ^[[22mreduces scrolling UI bytes against a paired legacy encoder control
Test	Run npm run test:browser	2026-09-08T00:26:16.5919487Z ^[[31m^[[1mError^[[22m: Test timed out in 120000ms.
Test	Run npm run test:browser	2026-09-08T00:26:16.5920245Z If this is a long-running test, pass a timeout value as the last argument or configure it globally with "testTimeout".^[[39m
Test	Run npm run test:browser	2026-09-08T00:26:16.5921022Z ^[[36m ^[[2m❯^[[22m src/lib/exporter/mp4Bitrate.browser.test.ts:^[[2m7:0^[[22m^[[39m
Test	Run npm run test:browser	2026-09-08T00:26:16.5921892Z ^[[2m Test Files ^[[22m ^[[1m^[[31m2 failed^[[39m^[[22m^[[2m | ^[[22m^[[1m^[[32m2 passed^[[39m^[[22m^[[2m | ^[[22m^[[33m1 skipped^[[39m^[[90m (5)^[[39m
Test	Run npm run test:browser	2026-09-08T00:26:16.5922735Z     ^[[90m  4|^[[39m ^[[35mimport^[[39m { calculateMp4ExportSettings } ^[[35mfrom^[[39m ^[[32m"./mp4ExportSettings"^[[39m^[[33m;^[[39m
Test	Run npm run test:browser	2026-09-08T00:26:16.5938446Z     ^[[90m  5|^[[39m ^[[35mimport^[[39m { ^[[33mVideoExporter^[[39m } ^[[35mfrom^[[39m ^[[32m"./videoExporter"^[[39m^[[33m;^[[39m
Test	Run npm run test:browser	2026-09-08T00:26:16.5943860Z     ^[[90m  6|^[[39m
Test	Run npm run test:browser	2026-09-08T00:26:16.5944263Z     ^[[90m   |^[[39m ^[[31m^^[[39m
Test	Run npm run test:browser	2026-09-08T00:26:16.5944760Z     ^[[90m  7|^[[39m it("reduces scrolling UI bytes against a paired legacy encoder control…
Test	Run npm run test:browser	2026-09-08T00:26:16.5945444Z     ^[[90m  8|^[[39m  ^[[35mconst^[[39m settings ^[[33m=^[[39m ^[[34mcalculateMp4ExportSettings^[[39m({
Test	Run npm run test:browser	2026-09-08T00:26:16.5945775Z 
Test	Run npm run test:browser	2026-09-08T00:26:16.5946035Z ^[[31m^[[2m⎯⎯⎯⎯⎯⎯⎯⎯⎯⎯⎯⎯⎯⎯⎯⎯⎯⎯⎯⎯⎯⎯⎯⎯[1/2]⎯^[[22m^[[39m
Test	Run npm run test:browser	2026-09-08T00:26:16.5946239Z 
Test	Run npm run test:browser	2026-09-08T00:26:16.5947295Z ^[[41m^[[1m FAIL ^[[22m^[[49m ^[[30m^[[43m chromium ^[[49m^[[39m src/lib/exporter/mp4HighResolution.browser.test.ts^[[2m > ^[[22mpreserves native 4K source-quality text through motion and rejects blurred text
Test	Run npm run test:browser	2026-09-08T00:26:16.5948203Z ^[[31m^[[1mError^[[22m: Test timed out in 180000ms.
Test	Run npm run test:browser	2026-09-08T00:26:16.5948985Z If this is a long-running test, pass a timeout value as the last argument or configure it globally with "testTimeout".^[[39m
Test	Run npm run test:browser	2026-09-08T00:26:16.5949830Z ^[[90m ^[[2m❯^[[22m src/lib/exporter/mp4HighResolution.browser.test.ts:^[[2m58:0^[[22m^[[39m
Test	Run npm run test:browser	2026-09-08T00:26:16.5950622Z 
Test	Run npm run test:browser	2026-09-08T00:26:16.5950846Z ^[[31m^[[2m⎯⎯⎯⎯⎯⎯⎯⎯⎯⎯⎯⎯⎯⎯⎯⎯⎯⎯⎯⎯⎯⎯⎯⎯[2/2]⎯^[[22m^[[39m
Test	Run npm run test:browser	2026-09-08T00:26:16.5951044Z 
Test	Run npm run test:browser	2026-09-08T00:26:16.5977589Z ^[[2m      Tests ^[[22m ^[[1m^[[31m2 failed^[[39m^[[22m^[[2m | ^[[22m^[[1m^[[32m7 passed^[[39m^[[22m^[[2m | ^[[22m^[[33m1 skipped^[[39m^[[90m (10)^[[39m
Test	Run npm run test:browser	2026-09-08T00:26:16.5983302Z ^[[2m   Start at ^[[22m 00:20:10
Test	Run npm run test:browser	2026-09-08T00:26:16.5997703Z ^[[2m   Duration ^[[22m 365.63s^[[2m (transform 0ms, setup 0ms, import 1.02s, tests 324.13s, environment 0ms)^[[22m
Test	Run npm run test:browser	2026-09-08T00:26:16.6056129Z 
Test	Run npm run test:browser	2026-09-08T00:26:16.6096945Z 
Test	Run npm run test:browser	2026-09-08T00:26:16.6197373Z ##[error]Error: Test timed out in 120000ms.
Test	Run npm run test:browser	If this is a long-running test, pass a timeout value as the last argument or configure it globally with "testTimeout".
Test	Run npm run test:browser	 ❯ src/lib/exporter/mp4Bitrate.browser.test.ts:7:0
Test	Run npm run test:browser	
Test	Run npm run test:browser	
Test	Run npm run test:browser	2026-09-08T00:26:17.8752512Z ##[error]Process completed with exit code 1.
